4.14102e+06 , 
4.10085e+06 , 
4.14219e+06 , 
4.10085e+06 , 
4.10085e+06 , 
4.14221e+06 , 
3.4282e+06 , 
3.30906e+06 , 
3.30995e+06 , 
3.47838e+06 , 
3.86013e+06 , 
3.44391e+06 , 
1.76486e+07 , 
3.19333e+06 , 
3.11659e+06 , 
3.13734e+06 , 
806098 , 
1.13297e+06 , 
2.61936e+06 , 
2.50484e+06 , 
2.41823e+06 , 
2.40921e+06 , 
2.22349e+06 , 
2.13014e+06 , 
1.86925e+06 , 
1.90747e+06 , 
3.22751e+06 , 
1.7109e+06 , 
1.5818e+06 , 
1.68077e+06 , 
2.38512e+06 , 
2.35003e+06 , 
1.15367e+06 , 
1.01288e+06 , 
1.11725e+06 , 
1.07625e+06 , 
1.87601e+06 , 
855601 , 
1.79608e+06 , 
1.16106e+06 , 
678791 , 
1.36081e+06 , 
594321 , 
1.29029e+06 , 
605084 , 
1.11818e+06 , 
1.49429e+06 , 
1.24869e+06 , 
539591 , 
1.22477e+06 , 
530017 , 
1.3472e+06 , 
413767 , 
154937 , 
1.23953e+06 , 
507298 , 
1.46475e+06 , 
920015 , 
400676 , 
356813 , 
1.31017e+06 , 
804771 , 
1.26976e+06 , 
852739 , 
1.28757e+06 , 
822599 , 
1.30093e+06 , 
814029 , 
374402 , 
1.28084e+06 , 
710716 , 
1.30947e+06 , 
707178 , 
1.32128e+06 , 
622189 , 
340119 , 
1.32494e+06 , 
612447 , 
1.25411e+06 , 
659436 , 
1.29863e+06 , 
614093 , 
1.30917e+06 , 
566808 , 
1.28308e+06 , 
603523 , 
1.31429e+06 , 
547120 , 
1.29727e+06 , 
582206 , 
368177 , 
317092 , 
1.27837e+06 , 
531759 , 
1.29008e+06 , 
505938 , 
1.25646e+06 , 
497804 , 
1.28284e+06 , 
480007 , 
1.26956e+06 , 
514665 , 
1.27338e+06 , 
508849 , 
1.29947e+06 , 
459156 , 
1.30226e+06 , 
477491 , 
1.30304e+06 , 
440897 , 
1.29623e+06 , 
447651 , 
1.30118e+06 , 
443735 , 
1.29931e+06 , 
470933 , 
1.28042e+06 , 
442250 , 
1.26952e+06 , 
443254 , 
1.27972e+06 , 
438941 , 
1.30059e+06 , 
423224 , 
1.31419e+06 , 
407379 , 
1.28707e+06 , 
427825 , 
1.29624e+06 , 
410158 , 
1.29727e+06 , 
407613 , 
1.29145e+06 , 
396258 , 
1.28821e+06 , 
405538 , 
1.28307e+06 , 
411434 , 
1.28761e+06 , 
403560 , 
1.29728e+06 , 
386943 , 
1.29361e+06 , 
390996 , 
1.29616e+06 , 
381993 , 
1.29461e+06 , 
378834 , 
1.29595e+06 , 
370312 , 
1.29517e+06 , 
379068 , 
1.2916e+06 , 
366248 , 
1.29399e+06 , 
363830 , 
1.29124e+06 , 
377900 , 
1.28035e+06 , 
366997 , 
1.29309e+06 , 
359292 , 
1.28739e+06 , 
359669 , 
1.29472e+06 , 
367211 , 
1.29309e+06 , 
358103 , 
1.2876e+06 , 
358208 , 
1.28952e+06 , 
364895 , 
1.305e+06 , 
346266 , 
1.28377e+06 , 
355429 , 
327869 , 
1.29662e+06 , 
349352 , 
1.2822e+06 , 
356326 , 
1.28096e+06 , 
355383 , 
1.28674e+06 , 
348591 , 
1.28378e+06 , 
352811 , 
1.28347e+06 , 
343054 , 
1.28286e+06 , 
343391 , 
1.28563e+06 , 
1.32422e+06 , 
1.22379e+06 , 
1.22261e+06 , 
1.22208e+06 , 
1.22294e+06 , 
1.21157e+06 , 
1.22459e+06 , 
1.22061e+06 , 
1.22161e+06 , 
1.22062e+06 , 
1.22334e+06 , 
1.22437e+06 , 
1.21531e+06 , 
1.22313e+06 , 
1.2197e+06 , 
1.22575e+06 , 
1.22302e+06 , 
1.20438e+06 , 
1.21947e+06 , 
1.21643e+06 , 
1.21582e+06 , 
1.21576e+06 , 
1.21221e+06 , 
1.20659e+06 , 
1.20229e+06 , 
1.1981e+06 , 
1.19303e+06 , 
1.17084e+06 , 
1.16523e+06 , 
1.16165e+06 , 
1.17094e+06 , 
1.17034e+06 , 
1.16978e+06 , 
1.16862e+06 , 
1.14809e+06 , 
1.1438e+06 , 
1.13143e+06 , 
1.14425e+06 , 
1.12772e+06 , 
1.13495e+06 , 
1.13103e+06 , 
1.12843e+06 , 
1.12679e+06 , 
139289 , 
118860 , 
131959 , 
126301 , 
122079 , 
119217 , 
116516 , 
99787.2 , 
115150 , 
115637 , 
111240 , 
112077 , 
110102 , 
106593 , 
102452 , 
286325 , 
343571 , 
104980 , 
1.12054e+06 , 
107543 , 
429318 , 
128221 , 
286022 , 
119014 , 
161535 , 
121552 , 
98768.4 , 
272362 , 
100047 , 
98221.4 , 
272834 , 
97866.1 , 
259438 , 
285053 , 
115089 , 
277222 , 
114342 , 
263695 , 
109829 , 
278193 , 
111036 , 
272220 , 
109042 , 
270805 , 
109462 , 
97903.7 , 
264536 , 
108360 , 
268271 , 
108239 , 
98567.6 , 
267411 , 
107065 , 
267941 , 
106304 , 
265542 , 
106366 , 
268197 , 
105548 , 
271931 , 
105297 , 
97725.6 , 
137352 , 
261750 , 
104069 , 
97677.3 , 
138172 , 
258960 , 
104136 , 
257757 , 
103928 , 
259932 , 
103102 , 
259155 , 
102878 , 
95957.8 , 
137363 , 
96193.7 , 
163552 , 
102084 , 
160490 , 
101850 , 
160786 , 
101430 , 
160928 , 
101252 , 
95801.1 , 
136917 , 
95376.2 , 
159196 , 
159731 , 
99951.3 , 
160306 , 
99644.3 , 
159697 , 
99492.8 , 
96252.8 , 
95680.7 , 
163446 , 
98624.7 , 
95223 , 
156708 , 
95061.3 , 
154563 , 
139607 , 
97579.4 , 
159163 , 
97773 , 
94652.6 , 
137950 , 
138809 , 
97299.7 , 
147474 , 
97541 , 
95054.7 , 
95151.2 , 
157874 , 
97030.9 , 
94605.8 , 
157507 , 
138200 , 
97019.2 , 
94045.2 , 
137060 , 
137841 , 
96744.2 , 
94114 , 
93878.9 , 
137204 , 
93860.4 , 
137094 , 
156838 , 
95741.6 , 
145314 , 
95760.7 , 
158310 , 
96059 , 
95143.8 , 
93739.7 , 
94506.7 , 
94909.5 , 
94458.7 , 
94347.8 , 
94633.6 , 
138997 , 
94962.5 , 
93891.4 , 
95442.7 , 
94723.1 , 
94811.7 , 
94307.5 , 
94620.3 , 
94237 , 
157295 , 
139118 , 
94305.1 , 
93986.8 , 
94335.8 , 
94252.9 , 
93913.9 , 
93962.5 , 
93937.9 , 
93587.5 , 
94364.5 , 
94018.2 , 
138943 , 
94092.4 , 
94061.8 , 
94187.8 , 
94233.6 , 
94117.6 , 
93820.8 , 
93532.8 , 
137789 , 
93798.8 , 
93745 , 
138103 , 
94120.8 , 
93771.8 , 
93822.2 , 
138333 , 
93672.5 , 
137781 , 
94035.2 , 
137801 , 
94229 , 
93445.6 , 
93636.2 , 
93995.7 , 
93844.7 , 
93947.4 , 
93747.4 , 
93927.1 , 
93560.1 , 
93888.7 , 
93555.4 , 
93798.7 , 
94000.3 , 
93802.3 , 
93884.8 , 
93896.4 , 
93504.2 , 
93516.3 , 
93557.9 , 
93570.1 , 
93629.6 , 
93647.1 , 
93684 , 
93725.1 , 
137749 , 
93691.8 , 
93813.5 , 
93916.4 , 
93540.9 , 
93480.8 , 
93489.1 , 
93585.2 , 
93501.7 , 
93596.4 , 
93507.9 , 
93502.8 , 
93546.5 , 
93501.1 , 
93841.1 , 
93474.9 , 
93568.5 , 
93564.9 , 
93537.5 , 
93623.7 , 
93574.8 , 
93447.4 , 
93440.1 , 
94011.7 , 
93862.9 , 
93539.3 , 
93434.9 , 
137750 , 
93421.2 , 
137724 , 
93422.3 , 
93412.9 , 
137729 , 
93393.1 , 
93723.1 , 
93380.8 , 
137692 , 
93813.2 , 
93480.8 , 
93395.2 , 
93382.1 , 
93361.5 , 
138328 , 
137740 , 
93457.2 , 
93366.9 , 
93791 , 
93448.5 , 
137735 , 
93444.5 , 
93370.2 , 
93368.4 , 
93801.2 , 
93425.3 , 
93357.1 , 
138344 , 
137727 , 
93420.5 , 
137729 , 
93417.4 , 
93794 , 
93414.2 , 
93360.4 , 
93352.4 , 
138348 , 
93346.4 , 
138336 , 
137720 , 
93399.8 , 
137721 , 
93397.7 , 
93339.8 , 
93702.3 , 
93331.3 , 
138074 , 
93335.1 , 
137711 , 
93380.7 , 
93973.9 , 
93378.8 , 
137712 , 
93379.4 , 
137722 , 
93371.5 , 
93982.8 , 
93370.6 , 
93338.9 , 
137718 , 
93368.2 , 
93333.8 , 
93334.9 , 
93332.1 , 
93970.5 , 
93359.5 , 
138354 , 
93358.3 , 
138352 , 
93358 , 
138353 , 
93357 , 
93729.6 , 
93354.2 , 
137716 , 
93353.4 , 
93332.1 , 
138355 , 
93351.3 , 
138354 , 
93350.8 , 
93972 , 
93350.3 , 
138353 , 
93350 , 
93973.3 , 
93348.5 , 
93329.9 , 
138346 , 
93772.9 , 
93346.5 , 
93328.5 , 
138345 , 
93326.2 , 
138342 , 
93966.6 , 
93343.8 , 
138349 , 
93343.5 , 
93966.7 , 
93342.3 , 
93325.3 , 
93713.5 , 
138348 , 
93340.7 , 
93967.9 , 
93339.2 , 
93324.9 , 
138342 , 
93966.2 , 
93337.8 , 
93325.1 , 
138350 , 
93336 , 
93324.3 , 
93959 , 
93964.3 , 
93335 , 
93965.6 , 
93334.1 , 
138350 , 
93333.2 , 
93967.1 , 
93332.8 , 
93967.3 , 
93332.5 , 
93967.1 , 
93332.5 , 
93325.6 , 
93323.7 , 
138346 , 
93323.6 , 
138346 , 
93965 , 
93330.3 , 
93965 , 
93330.1 , 
93965.2 , 
93330 , 
138348 , 
93329.8 , 
138348 , 
93329.9 , 
138349 , 
93329.5 , 
93323.9 , 
93965.1 , 
93328.3 , 
93323.2 , 
93961.7 , 
138374 , 
93327.9 , 
93964.5 , 
93327.9 , 
138348 , 
93327.8 , 
138348 , 
93327.7 , 
93965.4 , 
93327.1 , 
93322.9 , 
93962.1 , 
93965.1 , 
93326.6 , 
93322.5 , 
138346 , 
93321.9 , 
138345 , 
138347 , 
93326.1 , 
93964.1 , 
93325.8 , 
93964.3 , 
93325.5 , 
93964.7 , 
93325.1 , 
93322.4 , 
93964.5 , 
93324.9 , 
93322.5 , 
93964.2 , 
93324.6 , 
138349 , 
93324.8 , 
93964.2 , 
93324.4 , 
93322 , 
93322 , 
93321.6 , 
93961.8 , 
138348 , 
93323.8 , 
93963.2 , 
93323.9 , 
93963.3 , 
93323.7 , 
138348 , 
93323.6 , 
93321.9 , 
93321.7 , 
138347 , 
93323.3 , 
93321.4 , 
93962 , 
93321.2 , 
93319.3 , 
93320.8 , 
93962.6 , 
93322.8 , 
138347 , 
93322.7 , 
138347 , 
93322.6 , 
93320.9 , 
93320.7 , 
93320.7 , 
93320.5 , 
93962.3 , 
93322 , 
93320.2 , 
93320 , 
138346 , 
93321.6 , 
93320.1 , 
93319.9 , 
93961.7 , 
93321.4 , 
93319.7 , 
93319.6 , 
138345 , 
93321 , 
93319.3 , 
138344 , 
93319.2 , 
138344 , 
93319 , 
93317.8 , 
138345 , 
93320.6 , 
93961.1 , 
93320.4 , 
93318.9 , 
93318.8 , 
93318.6 , 
93318.6 , 
93318.2 , 
93318.1 , 
93317.9 , 
93317.8 , 
138342 , 
138343 , 
93319.4 , 
93317.6 , 
93316.3 , 
138341 , 
93319.1 , 
93317.5 , 
93317.2 , 
93316.8 , 
93316.8 , 
93316.7 , 
93316.3 , 
93314.6 , 
93316 , 
93315.5 , 
93315.5 , 
93315.1 , 
93315.1 , 
93314.7 , 
93314.6 , 
93314 , 
93311.9 , 
93313.6 , 
93313.4 , 
93313 , 
93313 , 
93311.7 , 
93754.4 , 
93311.9 , 
93311.7 , 
93311.3 , 
93754.7 , 
93311.2 , 
93309.3 , 
93310.5 , 
93310.4 , 
93309.7 , 
93309.3 , 
93752.2 , 
93308.7 , 
93751.3 , 
93308 , 
93750.3 , 
93308.3 , 
93753.5 , 
93311.9 , 
93753.5 , 
93311.9 , 
93753.5 , 
93311.7 , 
93308.9 , 
93308.5 , 
93753.9 , 
93310.8 , 
93308 , 
93753.3 , 
93310.7 , 
93753.1 , 
93310.7 , 
93307.5 , 
93305.4 , 
93307 , 
93306.9 , 
93306.6 , 
93751.7 , 
93309.6 , 
93751.7 , 
93309.4 , 
93751.7 , 
93309.3 , 
93306.7 , 
93306.5 , 
93751.8 , 
93308.7 , 
93306.2 , 
93751.4 , 
93308.4 , 
93305.7 , 
93305.8 , 
93305.5 , 
93305.2 , 
93749.1 , 
93750.4 , 
93307.7 , 
93304.7 , 
93748.6 , 
93304.5 , 
93302.5 , 
93304 , 
93303.5 , 
93303.4 , 
93303.5 , 
93303.2 , 
93302.9 , 
93302.3 , 
93300.3 , 
93301.7 , 
93301.5 , 
93301.3 , 
93300.8 , 
93300.4 , 
93745.4 , 
93304 , 
93299.9 , 
93297.1 , 
93299.2 , 
93299.4 , 
93298.8 , 
93298.6 , 
93298 , 
93297.3 , 
93296.9 , 
93293.3 , 
93295.7 , 
93295.1 , 
93295.2 , 
93294.6 , 
93293.5 , 
93293.4 , 
93292.4 , 
93288 , 
93290.9 , 
93290.9 , 
93290.1 , 
93288.8 , 
93288.1 , 
93287.4 , 
93282.1 , 
93286.2 , 
93285 , 
93285 , 
93284.2 , 
93282.7 , 
93281.7 , 
93275.3 , 
93280.3 , 
93278.8 , 
93276.9 , 
93277.4 , 
93275.7 , 
93274.5 , 
93266.8 , 
93272.9 , 
93271.5 , 
93269.5 , 
93268.9 , 
93268.1 , 
93265.7 , 
93256.3 , 
93263 , 
93261.8 , 
93259.7 , 
93258.6 , 
93257.6 , 
93256.3 , 
93245.8 , 
93252.7 , 
93250.8 , 
93248 , 
93247 , 
93245 , 
93231.8 , 
93242.1 , 
93239.1 , 
93236.1 , 
93233.4 , 
93233.2 , 
93230.6 , 
93217.8 , 
93226.7 , 
93223.5 , 
93221.4 , 
93218.5 , 
93217.9 , 
93215.7 , 
93202.4 , 
93212.9 , 
93209.3 , 
93206.7 , 
93204.4 , 
93203.3 , 
93201.5 , 
93186.2 , 
93197.9 , 
93193.3 , 
93189.4 , 
93188.5 , 
93186.1 , 
93167.6 , 
93180.8 , 
93178.7 , 
93174 , 
93168.5 , 
93167.2 , 
93732.8 , 
93165.3 , 
93728 , 
93162.3 , 
93724.3 , 
93157.3 , 
93715.5 , 
93152.7 , 
93706.2 , 
93146.4 , 
93112.1 , 
93729.4 , 
93184.2 , 
93734.3 , 
93181.5 , 
93738.7 , 
93179.5 , 
93739 , 
93178.6 , 
93740.4 , 
93177.2 , 
93149.4 , 
93147.2 , 
93732.9 , 
93172.3 , 
93735.1 , 
93171.4 , 
93735.7 , 
93170.8 , 
93733.3 , 
93170.4 , 
93733.7 , 
93169.5 , 
93738.4 , 
93167.8 , 
93739.8 , 
93166.7 , 
93147.9 , 
93737.8 , 
93165.2 , 
93736.8 , 
93164.9 , 
93737.1 , 
93164.2 , 
93736.2 , 
93163.5 , 
93738.1 , 
93163 , 
93146.4 , 
93732.6 , 
93162 , 
93733.3 , 
93161.5 , 
93735.7 , 
93160.7 , 
93143.4 , 
93731.1 , 
93159.6 , 
93731 , 
93159.3 , 
93730.5 , 
93158.9 , 
93731.1 , 
93158.2 , 
93731.1 , 
93157.4 , 
93730.3 , 
93157.2 , 
93730.6 , 
93156.8 , 
93731.5 , 
93156.1 , 
93732.5 , 
93155.3 , 
93732.6 , 
93154.5 , 
93732.3 , 
93154.6 , 
93732.7 , 
93154 , 
93732.7 , 
93153.5 , 
93141.9 , 
93729.7 , 
93152.9 , 
93729.8 , 
93152.6 , 
93730.2 , 
93152 , 
93730.6 , 
93151.5 , 
93731.1 , 
93153.3 , 
93730 , 
93151.1 , 
93730.5 , 
93150.6 , 
93730.5 , 
93150.3 , 
93734 , 
93148.9 , 
93730.7 , 
93149.7 , 
93730.4 , 
93149.8 , 
93730.1 , 
93149.4 , 
93730.3 , 
93149 , 
93730.5 , 
93148.7 , 
93730.7 , 
93148.3 , 
93731 , 
93148.1 , 
93731 , 
93147.3 , 
93731.7 , 
93147.5 , 
93731 , 
93147.5 , 
93731.2 , 
93147.2 , 
93730.4 , 
93147.3 , 
93730.9 , 
93146.9 , 
93730.6 , 
93146.8 , 
93730.6 , 
93146.6 , 
93730.2 , 
93145.7 , 
93730.8 , 
93146.2 , 
93730.8 , 
93738.5 , 
93717.4 , 
93716.3 , 
93717.1 , 
93716.5 , 
93716.9 , 
93714.7 , 
93716.2 , 
93717.3 , 
93716.7 , 
93717 , 
93716.6 , 
93717 , 
93716.4 , 
93717 , 
93713.2 , 
93712.6 , 
93712.1 , 
93711.6 , 
93711 , 
93710.2 , 
93709.4 , 
93708.4 , 
93707.1 , 
93705.5 , 
93703.8 , 
93701.9 , 
93700 , 
93116.2 , 
93115.9 , 
93115.5 , 
93114.4 , 
93113.2 , 
93111.7 , 
93104.4 , 
93109.1 , 
93107.6 , 
93106.2 , 
93105.2 , 
93104 , 
93096.1 , 
93101.9 , 
93100.7 , 
93099.8 , 
93098.9 , 
93098.3 , 
93096.6 , 
93094.3 , 
93084.5 , 
93091.5 , 
93090 , 
93087.7 , 
93087.3 , 
93085.8 , 
93084.2 , 
93073.4 , 
93081.1 , 
93078.8 , 
93078.2 , 
93076.4 , 
93074.2 , 
93071.9 , 
93058.5 , 
93067.2 , 
93065 , 
93061.2 , 
93061.8 , 
93059.6 , 
93058.1 , 
93044.3 , 
93052.7 , 
93049.9 , 
93046.3 , 
93045.3 , 
93043.5 , 
93034.2 , 
93040 , 
93038.3 , 
93036.5 , 
93033.7 , 
93020.9 , 
93032.4 , 
93031 , 
93029.4 , 
93026.5 , 
93024.2 , 
93021.3 , 
93020.4 , 
93006.1 , 
93016.6 , 
93014 , 
93011.1 , 
93006.9 , 
93006.7 , 
93363.6 , 
93029.7 , 
93003.3 , 
93281.7 , 
93358.3 , 
93026.5 , 
93364.1 , 
93025.4 , 
93005.1 , 
93356.6 , 
93023 , 
93353.3 , 
93022.7 , 
93003.4 , 
93348.8 , 
93020.3 , 
93351.7 , 
93019.6 , 
93360.5 , 
93018.9 , 
93361.4 , 
93018.2 , 
93360 , 
93017.9 , 
93003.4 , 
93345.7 , 
93016.3 , 
93353.8 , 
93016 , 
93355.2 , 
93015.4 , 
93359.5 , 
93014.9 , 
93359.9 , 
93014.5 , 
93359.1 , 
93014.3 , 
93003.6 , 
93353.3 , 
93012.9 , 
93357 , 
93012.6 , 
93357.9 , 
93012.3 , 
93359.9 , 
93012 , 
93360.1 , 
93011.7 , 
93359.8 , 
93011.5 , 
93355.1 , 
93011.2 , 
93362.4 , 
93010.7 , 
93364.5 , 
93010.5 , 
93365 , 
93010.2 , 
93001.2 , 
93337.2 , 
93360.9 , 
93009.6 , 
93360.7 , 
93009.4 , 
93358.7 , 
93009.3 , 
93364.3 , 
93009 , 
93360.5 , 
93008.9 , 
93361.4 , 
93008.7 , 
93361.6 , 
93008.5 , 
93365.5 , 
93008.2 , 
93365.7 , 
93008.1 , 
93364.4 , 
93007.9 , 
93001.7 , 
93362.3 , 
93007.5 , 
93362.7 , 
93007.5 , 
93362.9 , 
93007.3 , 
93364.6 , 
93007.2 , 
93364.6 , 
93007 , 
93364.3 , 
93007 , 
93001.2 , 
93354 , 
93364.4 , 
93006.5 , 
93364.6 , 
93006.5 , 
93366 , 
93005.4 , 
93366.1 , 
93006.3 , 
93365.6 , 
93005.3 , 
93360.2 , 
93005.6 , 
93002.8 , 
93365.7 , 
93005.9 , 
92999.8 , 
93356.2 , 
93364.5 , 
93005.6 , 
93002.2 , 
93000.8 , 
93359.3 , 
93005.4 , 
93365.4 , 
93005 , 
93359 , 
93005.4 , 
93003.1 , 
93002.4 , 
93002.1 , 
93004.9 , 
93001 , 
93003.2 , 
93000.9 , 
93000.4 , 
93002.2 , 
93001.7 , 
93003.9 , 
93001.4 , 
93001.9 , 
93000.9 , 
93004.9 , 
93362.6 , 
93003.5 , 
93361.8 , 
93003.5 , 
93364.3 , 
93002.9 , 
93364.5 , 
93002.7 , 
93364.5 , 
93002.7 , 
93365.4 , 
93002.5 , 
93365.7 , 
93002.3 , 
93366.1 , 
93002.3 , 
93000.4 , 
93365.5 , 
93002.1 , 
92999.9 , 
93365 , 
93002 , 
93365.6 , 
93001.8 , 
93364.9 , 
93001 , 
93365.8 , 
93001.7 , 
93365.8 , 
93001.7 , 
93000.4 , 
93365.6 , 
93001.5 , 
92999.9 , 
93365.1 , 
93001.5 , 
93365.7 , 
93001.4 , 
93365.4 , 
93000.6 , 
93365.1 , 
93001.4 , 
93365.7 , 
93001.2 , 
93366 , 
93001.2 , 
93365.7 , 
93001.2 , 
93366.2 , 
93001.2 , 
93366.1 , 
93001.2 , 
93000.3 , 
93000.5 , 
93366 , 
93001.1 , 
93365.8 , 
93000.3 , 
93366 , 
93001 , 
93000 , 
93000 , 
93363.5 , 
93001.4 , 
93001.2 , 
93366.1 , 
93366.3 , 
93366.2 , 
93000.2 , 
92999.9 , 
93366.4 , 
93366.2 , 
93366.2 , 
93001 , 
93366.2 , 
93000.8 , 
93365.9 , 
93000.5 , 
93000 , 
93000 , 
93000.8 , 
93000.9 , 
93000.2 , 
93000.1 , 
93001 , 
93001 , 
93001.1 , 
93365.2 , 
93001 , 
93366 , 
93001 , 
93366.1 , 
93001 , 
93366.2 , 
93000.9 , 
93366.3 , 
93000.9 , 
93000.4 , 
93366.2 , 
93000.2 , 
92999.9 , 
93366.2 , 
93000.8 , 
93000 , 
93366.2 , 
93000.7 , 
93000 , 
93000.2 , 
93366.1 , 
93000.7 , 
93366.2 , 
93000.6 , 
93366.4 , 
93000.6 , 
93366.5 , 
93000.6 , 
93366.4 , 
93000.5 , 
93000.4 , 
93366.5 , 
93000.5 , 
93366.2 , 
92999.9 , 
93366.1 , 
93000.5 , 
93000.5 , 
92999.9 , 
93000.2 , 
93366.3 , 
93000.5 , 
93365.9 , 
93000.5 , 
93366.2 , 
93000 , 
93366.2 , 
92999.9 , 
93366.2 , 
93000 , 
93366.3 , 
93366.2 , 
93366.2 , 
93366.2 , 
93366.1 , 
92999.9 , 
93000 , 
93366.3 , 
93366.3 , 
93365.9 , 
93000 , 
93366.1 , 
93366.3 , 
92999.9 , 
93366.3 , 
93366.1 , 
93000 , 
93365.9 , 
92999.9 , 
93365.8 , 
93365.8 , 
92999.7 , 
93365.4 , 
93365.6 , 
93365.8 , 
93365.8 , 
93365.7 , 
93365.8 , 
92999.8 , 
93365.9 , 
93365.8 , 
93000 , 
93365.9 , 
93365.8 , 
93365.8 , 
93365.9 , 
93365.8 , 
93365.8 , 
93365.7 , 
92999.6 , 
93365.7 , 
93365.9 , 
93365.8 , 
93365.8 , 
93365.8 , 
93365.7 , 
93365.9 , 
93365.7 , 
93365.9 , 
93365.8 , 
93365.6 , 
93365.6 , 
93365.6 , 
93365.7 , 
92999.7 , 
93365.7 , 
93365.5 , 
93365.5 , 
93365.6 , 
93365.6 , 
93365.6 , 
93365.5 , 
93365.5 , 
93365.5 , 
93365.6 , 
93365.5 , 
93365.5 , 
93365.5 , 
93365.6 , 
93365.6 , 
93365.6 , 
92999.7 , 
93365.6 , 
93365.6 , 
93365.6 , 
93365.6 , 
93365.6 , 
93365.6 , 
93365.7 , 
92999.7 , 
93365.6 , 
93365.6 , 
93365.6 , 
93365.7 , 
93365.6 , 
93365.6 , 
93365.6 , 
93365.7 , 
93365.6 , 
93365.6 , 
93365.6 , 
92999.8 , 
93365.6 , 
93365.7 , 
93365.7 , 
93365.6 , 
93365.7 , 
93365.8 , 
93365.7 , 
92999.8 , 
93365.6 , 
93365.7 , 
93365.6 , 
93365.6 , 
93365.6 , 
93365.7 , 
93365.6 , 
93365.6 , 
93365.6 , 
93365.8 , 
93365.6 , 
93365.7 , 
93365.8 , 
93365.7 , 
92999.8 , 
93365.7 , 
93365.7 , 
93365.8 , 
93365.8 , 
93365.8 , 
93365.8 , 
93365.7 , 
92999.7 , 
93365.7 , 
93365.8 , 
93365.8 , 
93365.8 , 
93365.7 , 
93365.7 , 
93365.7 , 
93365.8 , 
93365.8 , 
92999.8 , 
93365.7 , 
93365.7 , 
92999.8 , 
93365.7 , 
93365.8 , 
93365.7 , 
93365.7 , 
92999.8 , 
93365.7 , 
93365.7 , 
93365.7 , 
93365.7 , 
93365.8 , 
93365.7 , 
92999.8 , 
93365.8 , 
92999.8 , 
92999.8 , 
92999.8 , 
92999.8 , 
93365.7 , 
93365.7 , 
92999.8 , 
93365.8 , 
93365.7 , 
92999.7 , 
93365.7 , 
92999.8 , 
92999.8 , 
93365.7 , 
92999.8 , 
93365.8 , 
92999.8 , 
92999.7 , 
93365.7 , 
92999.8 , 
92999.8 , 
92999.7 , 
92999.8 , 
93365.7 , 
93365.8 , 
93365.8 , 
92999.8 , 
93365.8 , 
93365.8 , 
92999.7 , 
92999.7 , 
92999.8 , 
92999.8 , 
92999.8 , 
92999.8 , 
92999.8 , 
92999.8 , 
92999.8 , 
92999.8 , 
92999.8 , 
92999.8 , 
92999.8 , 
92999.8 , 
92999.8 , 
92999.7 , 
92999.7 , 
93365.8 , 
92999.7 , 
92999.7 , 
92999.8 , 
92999.8 , 
92999.8 , 
92999.7 , 
92999.8 , 
92999.8 , 
92999.7 , 
92999.7 , 
92999.7 , 
92999.8 , 
92999.7 , 
92999.7 , 
92999.8 , 
92999.8 , 
92999.6 , 
92999.8 , 
92999.8 , 
92999.8 , 
92999.8 , 
92999.8 , 
92999.7 , 
92999.7 , 
92999.7 , 
92999.8 , 
92999.7 , 
92999.8 , 
92999.8 , 
92999.8 , 
92999.8 , 
92999.7 , 
92999.8 , 
92999.7 , 
92999.6 , 
92999.8 , 
92999.7 , 
92999.8 , 
92999.8 , 
92999.7 , 
92999.7 , 
92999.7 , 
92999.6 , 
92999.8 , 
92999.6 , 
92999.8 , 
92999.7 , 
92999.7 , 
92999.7 , 
92999.7 , 
92999.7 , 
92999.8 , 
92999.7 , 
92999.6 , 
92999.7 , 
92999.6 , 
92999.6 , 
92999.7 , 
92999.6 , 
92999.6 , 
92999.6 , 
92999.6 , 
92999.6 , 
93365.8 , 
133881 , 
135138 , 
92999.6 , 
251083 , 
100763 , 
537952 , 
267325 , 
171836 , 
104547 , 
93248.2 , 
-nan , 
99201 , 
92999.6 , 
92999.6 , 
92999.6 , 
92999.6 , 
92999.6 , 
93365.8 , 
135733 , 
135913 , 
94953.8 , 
96976.3 , 
468262 , 
129795 , 
93395.5 , 
136003 , 
93137.9 , 
95998.2 , 
580814 , 
139970 , 
92999.6 , 
92999.6 , 
92999.6 , 
92999.6 , 
92999.6 , 
92999.8 , 
145520 , 
136537 , 
94390.3 , 
94311.1 , 
91446.7 , 
109039 , 
144942 , 
139601 , 
93075 , 
96394.5 , 
97743.4 , 
317395 , 
139755 , 
92765.5 , 
92765.5 , 
92765.5 , 
92765.5 , 
92765.5 , 
92765.5 , 
95185.9 , 
92540.8 , 
92765.5 , 
92960.9 , 
94189.2 , 
101502 , 
94955.7 , 
138419 , 
92796.2 , 
159045 , 
94478.9 , 
131180 , 
97493.2 , 
133883 , 
95306.4 , 
91771.5 , 
91632.3 , 
91139 , 
88933 , 
90792.2 , 
91049 , 
90988 , 
91143.3 , 
91147.8 , 
91127.3 , 
90612 , 
90183.8 , 
90087.4 , 
88868.6 , 
87491.1 , 
87283 , 
132734 , 
88168.5 , 
88823.2 , 
90652.2 , 
86438.8 , 
221560 , 
89031.7 , 
88779.8 , 
88962.9 , 
88496.6 , 
87884.1 , 
131794 , 
88921.3 , 
87871.3 , 
87501.7 , 
131675 , 
88125.2 , 
87698.3 , 
89013.1 , 
88932.1 , 
88284.7 , 
87335.7 , 
87747.4 , 
131376 , 
88141.1 , 
132011 , 
89556.4 , 
85931.4 , 
87480.4 , 
133040 , 
87737.5 , 
88537.2 , 
86058.9 , 
86495.4 , 
86549.6 , 
85777.1 , 
88736.9 , 
89338.8 , 
86627.1 , 
85747.5 , 
86967.7 , 
86842.9 , 
86997.5 , 
87041 , 
88046.1 , 
88525.2 , 
87665.3 , 
88933.1 , 
87347.3 , 
86311.8 , 
87223.3 , 
87346.9 , 
87215.1 , 
87192.2 , 
86690.2 , 
87556.5 , 
85464.1 , 
87489 , 
85947.4 , 
87115.8 , 
86172.4 , 
86882.9 , 
85678.8 , 
86874.1 , 
86225.4 , 
86687.3 , 
131044 , 
86194.7 , 
86783.2 , 
85966.8 , 
86314.8 , 
86728.3 , 
86526.9 , 
86426.4 , 
87429.1 , 
85685.5 , 
87214.6 , 
86272.4 , 
86471.9 , 
86581.8 , 
86405.3 , 
85682.2 , 
86529.4 , 
85909.2 , 
86530.3 , 
85737.8 , 
86399.9 , 
86058.3 , 
85620.4 , 
86567.7 , 
85871.6 , 
86024.9 , 
85844.6 , 
85548 , 
86415 , 
85356.1 , 
86519.3 , 
85220.6 , 
131044 , 
85047.8 , 
130856 , 
84978.3 , 
130981 , 
85277.9 , 
131111 , 
85970.7 , 
86607.8 , 
85797.8 , 
86777.9 , 
85773.8 , 
85455.4 , 
84954.2 , 
131108 , 
86787.4 , 
85577.4 , 
85395.1 , 
85350.1 , 
86660.6 , 
85505.6 , 
131092 , 
85503.3 , 
85294.6 , 
130036 , 
85412.7 , 
86518.6 , 
85385.7 , 
85260.4 , 
86452.5 , 
85321.4 , 
131095 , 
85314.4 , 
130010 , 
85290 , 
85262.3 , 
129626 , 
85268.7 , 
85347.2 , 
86385.9 , 
85234.8 , 
131107 , 
85216 , 
85262 , 
85406.4 , 
85472.5 , 
85336.9 , 
84894.4 , 
85001.1 , 
85087.3 , 
85134.1 , 
85108.3 , 
85108.1 , 
85111.3 , 
85121.9 , 
85085.1 , 
85094.5 , 
85137.7 , 
85371.4 , 
85329.9 , 
84966.3 , 
85161.9 , 
85238.9 , 
85273.6 , 
85177 , 
85379.5 , 
85157.6 , 
84972.7 , 
85421.2 , 
85112.2 , 
84961.1 , 
84957.7 , 
84937.6 , 
84925.1 , 
85365.1 , 
85061.7 , 
84904.3 , 
86423 , 
85050.9 , 
85301.3 , 
85049.3 , 
84880.3 , 
86354.4 , 
84859.8 , 
131120 , 
86374.1 , 
85021.7 , 
86388.3 , 
85008.7 , 
86408.3 , 
85002.1 , 
85288.2 , 
84999.5 , 
84875 , 
85317.2 , 
84974.1 , 
86421.2 , 
84969.8 , 
84869.9 , 
85297.2 , 
84963.2 , 
84878.5 , 
85316.9 , 
84946.4 , 
85315.1 , 
84944 , 
84866.7 , 
84857.6 , 
86372.4 , 
85286.8 , 
84932.3 , 
84845.9 , 
130039 , 
85293.8 , 
84924.4 , 
84839.4 , 
130034 , 
85277.7 , 
84915 , 
85279.5 , 
84911.1 , 
85281.5 , 
84907.8 , 
86393.2 , 
84903.6 , 
84836.4 , 
130051 , 
84835.8 , 
86330.4 , 
84829.7 , 
85236.9 , 
84822.6 , 
131128 , 
85263.3 , 
84882 , 
86358.4 , 
84880.9 , 
84820.3 , 
86338 , 
85273.9 , 
84867.6 , 
85271.7 , 
84866.6 , 
84822.6 , 
84817.2 , 
130040 , 
84812.8 , 
130033 , 
85264.2 , 
84855 , 
84810.9 , 
130029 , 
85247.1 , 
84851.2 , 
84802.4 , 
131102 , 
130051 , 
84845.2 , 
130053 , 
84843.7 , 
85254.2 , 
84842 , 
85254.2 , 
84839.9 , 
84810.3 , 
84806.3 , 
84802.8 , 
85251.3 , 
84831.4 , 
84799.9 , 
131118 , 
84795.3 , 
131110 , 
85240.4 , 
84825.8 , 
84792.3 , 
130020 , 
130037 , 
84821.4 , 
130041 , 
84820.3 , 
84795.3 , 
84794.8 , 
84791.2 , 
131122 , 
130034 , 
84813.1 , 
130040 , 
84812.4 , 
130035 , 
84812.1 , 
86330.2 , 
84810.3 , 
84793.5 , 
85240.8 , 
84807.4 , 
130039 , 
84807 , 
84790.6 , 
130029 , 
84789.1 , 
130026 , 
130036 , 
84804.4 , 
84785.8 , 
86311.2 , 
130031 , 
84802.1 , 
130033 , 
84801.7 , 
85236 , 
84801.2 , 
130034 , 
84800.2 , 
85238.1 , 
84799.2 , 
84788.7 , 
130032 , 
84798.3 , 
130033 , 
84798.1 , 
84787.1 , 
130032 , 
84796.8 , 
84785.8 , 
84785.1 , 
85227.3 , 
84784.3 , 
130023 , 
130029 , 
84794.2 , 
130030 , 
84793.5 , 
84784.8 , 
130031 , 
84792.3 , 
85232.5 , 
84792 , 
84784 , 
130026 , 
130030 , 
84791 , 
84783.2 , 
84777.9 , 
130029 , 
84789.9 , 
84782 , 
84781 , 
130030 , 
84788.5 , 
84780.3 , 
84779.3 , 
84778.7 , 
84778.1 , 
84777 , 
85221 , 
84775.7 , 
130019 , 
84775.5 , 
130019 , 
85225.4 , 
84783.2 , 
84774.9 , 
130018 , 
130023 , 
84782.5 , 
85223 , 
84782.2 , 
84774.8 , 
84770 , 
84773.2 , 
84772.6 , 
84772 , 
85220.4 , 
84779.4 , 
130018 , 
84779.2 , 
84771.5 , 
84770.9 , 
84770.8 , 
130018 , 
84776.9 , 
84769.6 , 
130013 , 
84768.8 , 
84763.9 , 
84767.6 , 
84766.4 , 
84765.8 , 
84764.4 , 
84764.1 , 
84762.9 , 
85206 , 
84761.8 , 
85205.4 , 
84762 , 
84761.3 , 
84755.6 , 
84759.6 , 
84758.7 , 
84757.4 , 
84755.8 , 
84754.8 , 
84747.2 , 
84752.2 , 
84752.1 , 
84751.5 , 
84750.1 , 
84748.9 , 
84747.8 , 
84746 , 
84737 , 
84743.6 , 
84741.9 , 
84739.4 , 
84739 , 
84737.4 , 
84735.9 , 
84725.1 , 
84733.5 , 
84730.8 , 
84731.3 , 
84728.6 , 
84726.2 , 
84724.3 , 
84713.8 , 
84719.8 , 
84717.7 , 
84714.5 , 
84714.3 , 
84712.7 , 
84707.1 , 
84709.1 , 
84709.4 , 
84704.9 , 
84695.1 , 
84711.5 , 
84703.7 , 
84701.6 , 
84704.4 , 
84699.1 , 
84699.4 , 
84694.1 , 
84681.4 , 
84692.7 , 
84694.6 , 
84693.9 , 
84687.7 , 
84684.5 , 
84683.3 , 
84681.9 , 
84681.8 , 
84677.6 , 
84662.7 , 
84674.7 , 
84671.4 , 
84669.5 , 
84667.8 , 
84663.7 , 
84659.7 , 
84619 , 
84658 , 
84653.9 , 
84642.2 , 
84645.9 , 
84641.3 , 
84620.7 , 
84624.5 , 
84627.1 , 
84603.4 , 
84561.8 , 
84592 , 
84594.4 , 
84589.1 , 
84572.8 , 
84571 , 
84563.5 , 
84562 , 
84559.3 , 
84530 , 
84552.4 , 
84546 , 
84539.4 , 
84542.5 , 
84530.6 , 
84517.2 , 
84472 , 
84501.3 , 
84510.4 , 
84499.3 , 
84493.8 , 
84490.3 , 
84481.1 , 
84477.7 , 
84467.6 , 
84378.9 , 
84431.4 , 
84426.1 , 
84412 , 
84405.5 , 
84376.6 , 
84303 , 
84350.1 , 
84328.5 , 
84329.9 , 
84331 , 
84315.9 , 
84304.4 , 
84292.7 , 
84186.6 , 
84275.4 , 
84252.5 , 
84205.6 , 
84222.1 , 
84192.5 , 
84178 , 
84568 , 
84167 , 
84538.8 , 
84151.6 , 
84518.7 , 
84665.5 , 
84305.3 , 
84163 , 
84655 , 
84293.4 , 
84641.7 , 
84292.4 , 
84150.3 , 
84559.5 , 
84659 , 
84275.9 , 
84655.9 , 
84274.5 , 
84653.7 , 
84272.8 , 
84659.7 , 
84266.3 , 
84658.1 , 
84263.4 , 
84159.7 , 
84664.5 , 
84238.4 , 
84662.7 , 
84236 , 
84661.8 , 
84231.8 , 
84664.9 , 
84226.5 , 
84664.3 , 
84223.8 , 
84154.4 , 
84152 , 
84658.6 , 
84200.7 , 
84658.1 , 
84197.5 , 
84659.3 , 
84194.6 , 
84658.9 , 
84193.3 , 
84661.4 , 
84191.7 , 
84144.9 , 
84632.3 , 
84660.1 , 
84184.9 , 
84660 , 
84183.8 , 
84660.7 , 
84182.5 , 
84660.5 , 
84181.4 , 
84145.1 , 
84655.2 , 
84178.8 , 
84143.7 , 
84629.9 , 
84654 , 
84173.7 , 
84653.7 , 
84172.8 , 
84653.9 , 
84171.8 , 
84653.6 , 
84171 , 
84655.8 , 
84169.4 , 
84655 , 
84168.6 , 
84658.6 , 
84166.4 , 
84658.6 , 
84165.7 , 
84144.5 , 
84656.1 , 
84163.8 , 
84656.7 , 
84162.7 , 
84656.9 , 
84162.3 , 
84143.6 , 
84132 , 
84139.7 , 
84136.8 , 
84135.3 , 
84644.9 , 
84155.4 , 
84644.9 , 
84154.9 , 
84644.4 , 
84154.4 , 
84132.9 , 
84648.6 , 
84150.2 , 
84134.1 , 
84645 , 
84148.8 , 
84131.2 , 
84119.6 , 
84129.3 , 
84126.6 , 
84124.8 , 
84121.6 , 
84119.3 , 
84104.5 , 
84117.7 , 
84624 , 
84137.2 , 
84113.6 , 
84110.4 , 
84110.5 , 
84109.4 , 
84106.1 , 
84103.8 , 
84088.1 , 
84098.9 , 
84095.6 , 
84605.8 , 
84121.9 , 
84093.3 , 
84091.5 , 
84088.9 , 
84087.4 , 
84070.1 , 
84080.9 , 
84077.8 , 
84074.3 , 
84073.1 , 
84071.2 , 
84066.1 , 
84044 , 
84058.5 , 
84055.4 , 
84050.4 , 
84049.5 , 
84046.7 , 
84042.8 , 
84017.5 , 
84034.6 , 
84030 , 
84023 , 
84022.5 , 
84018.4 , 
84014.4 , 
83984.6 , 
84003.7 , 
83996.7 , 
83990.8 , 
83990.3 , 
83984.8 , 
83980.7 , 
83945.7 , 
83968.1 , 
83960.3 , 
83951.9 , 
83950.1 , 
83944.2 , 
83902.6 , 
83936.3 , 
83930 , 
83915.2 , 
83902.4 , 
83844.9 , 
83895.1 , 
83888.6 , 
83883.6 , 
83871.3 , 
83857.4 , 
83840.7 , 
83774.2 , 
83830.6 , 
83820.9 , 
83812 , 
83800.4 , 
83811.2 , 
83770.4 , 
128710 , 
83760.2 , 
83678.2 , 
128756 , 
83870.7 , 
83747.1 , 
83734.4 , 
83720.4 , 
83722.8 , 
83697.7 , 
128694 , 
83821.4 , 
83688.1 , 
83684.3 , 
83673.1 , 
83594.9 , 
83650.7 , 
83631.9 , 
83614.7 , 
83604.8 , 
83570.9 , 
83455.9 , 
128588 , 
83719.5 , 
83551.8 , 
128574 , 
83696.9 , 
83557 , 
83552.6 , 
83525.7 , 
83500.7 , 
83496.3 , 
83470.2 , 
83449.8 , 
83330.3 , 
83407.1 , 
128419 , 
83599.1 , 
83398.2 , 
83390 , 
83379.6 , 
83370.8 , 
83330.4 , 
83300.4 , 
128249 , 
128374 , 
83493.2 , 
83743.8 , 
83486.1 , 
83290.5 , 
128688 , 
128359 , 
83465.8 , 
83305.8 , 
83287.3 , 
83624.8 , 
83261.1 , 
128676 , 
83675.1 , 
83423.9 , 
83251.8 , 
83584 , 
128305 , 
83405.1 , 
83663.4 , 
83398.2 , 
83253.8 , 
83250.8 , 
128247 , 
83231.7 , 
128674 , 
83654.3 , 
83352.8 , 
128288 , 
83351.3 , 
128726 , 
83344.3 , 
83227.3 , 
128216 , 
83230.8 , 
83210.3 , 
83577.7 , 
128276 , 
83311.4 , 
83194.9 , 
128643 , 
83204.5 , 
83614.8 , 
83290.7 , 
83191.5 , 
128661 , 
128269 , 
83273.8 , 
83619.9 , 
83270.8 , 
83629.4 , 
83264.7 , 
83187.5 , 
83136.5 , 
83169.5 , 
83170.5 , 
83597 , 
83242.8 , 
83162.3 , 
83152.5 , 
83149.6 , 
128224 , 
83222.7 , 
83576.2 , 
83219.5 , 
83137.9 , 
83136.9 , 
83139.4 , 
83130.7 , 
84570.3 , 
83109.1 , 
128150 , 
83536.1 , 
83188.3 , 
83103.9 , 
83050.6 , 
83094.3 , 
83088 , 
83074.8 , 
83062.6 , 
83066.1 , 
83490.7 , 
83140.5 , 
83057.7 , 
83054.9 , 
83482.3 , 
83123.6 , 
83052 , 
83545.7 , 
83111.3 , 
83040.9 , 
82992.3 , 
83022.7 , 
128111 , 
83104.4 , 
83017.7 , 
83002.3 , 
83003.2 , 
82988.3 , 
82927.9 , 
82969.7 , 
83457.5 , 
83059.3 , 
82966.4 , 
82964.9 , 
82960 , 
82949.9 , 
82938.6 , 
82924.4 , 
127977 , 
82909.8 , 
82834.7 , 
82883.9 , 
82862.9 , 
82869.3 , 
83348.4 , 
82973.7 , 
82866.8 , 
82847 , 
82838.9 , 
82838.6 , 
82825.2 , 
82750.2 , 
82798.1 , 
82777.4 , 
82757.7 , 
82742.5 , 
82630.3 , 
82713.9 , 
127850 , 
82872.2 , 
82689.8 , 
82709.1 , 
82698.8 , 
82677.9 , 
82653.1 , 
82628.3 , 
82534.7 , 
82601.2 , 
82598.6 , 
82575.6 , 
82538.4 , 
82541.7 , 
82524.7 , 
82828.4 , 
82510.5 , 
82816.1 , 
82484.2 , 
82342.4 , 
82461.9 , 
82436.7 , 
82404.8 , 
82805.6 , 
82599.7 , 
82372.1 , 
82365.2 , 
82342.8 , 
82324.8 , 
82652.1 , 
82769.9 , 
82541.8 , 
82310.9 , 
128829 , 
82775.7 , 
82507.2 , 
82325.3 , 
82775.8 , 
82482 , 
82289.8 , 
83585.6 , 
82699.2 , 
82468.7 , 
82745.1 , 
82461.9 , 
82754.2 , 
82453.2 , 
82749.8 , 
82449.7 , 
82772 , 
82436 , 
82301.8 , 
82286.6 , 
82680.3 , 
82743.8 , 
82414 , 
82747.9 , 
82408.4 , 
82745.7 , 
82405.2 , 
82707.6 , 
82396.8 , 
82750.3 , 
82396 , 
82287.7 , 
82761.7 , 
82376.4 , 
82277.4 , 
82696.1 , 
82745.2 , 
82369 , 
82265.4 , 
83628.6 , 
82732.4 , 
82359.3 , 
82750 , 
82348.9 , 
82267.6 , 
82740.9 , 
82341 , 
82741.3 , 
82338.3 , 
82744.4 , 
82334.7 , 
82753.1 , 
82329 , 
82707.4 , 
82325.5 , 
82755.7 , 
82324.7 , 
82270.9 , 
82748.3 , 
82319.9 , 
82749.9 , 
82317.7 , 
82270.4 , 
82700.9 , 
82310.7 , 
82264.9 , 
82718.2 , 
82691.2 , 
82308 , 
82738.9 , 
82307.4 , 
82741.9 , 
82304.5 , 
82742.5 , 
82302.9 , 
82748.4 , 
82299.4 , 
82263.2 , 
83669.7 , 
82694.2 , 
82296 , 
82742.6 , 
82295.3 , 
82744.2 , 
82293.6 , 
82744.5 , 
82292.5 , 
82745.1 , 
82291.6 , 
82746 , 
82290.1 , 
82265 , 
82745.2 , 
82286.9 , 
82746 , 
82285.8 , 
82746.2 , 
82285 , 
82746.5 , 
82284.3 , 
82747 , 
82283.4 , 
82262.7 , 
82249.1 , 
82259.8 , 
82257 , 
82736.8 , 
82278.2 , 
82253.1 , 
82249.6 , 
82729.2 , 
82274.8 , 
82728.8 , 
82273.9 , 
82733.4 , 
82271.2 , 
82250 , 
82249.4 , 
82247 , 
82716.7 , 
82729.9 , 
82265 , 
82246 , 
82667.5 , 
82243.2 , 
82663.6 , 
82242.9 , 
82664.2 , 
82241.9 , 
82230 , 
82237.7 , 
82234.4 , 
82230.1 , 
82227.4 , 
82209.5 , 
82224.1 , 
82222.4 , 
82222.3 , 
82221.6 , 
82218.3 , 
82214.4 , 
82643.9 , 
82239.4 , 
82211.1 , 
82207.5 , 
82188.3 , 
82203 , 
82198 , 
82195.9 , 
82192 , 
82190 , 
82188.7 , 
82183.2 , 
82159.8 , 
82180.6 , 
82176.6 , 
82170.7 , 
82160.5 , 
82159.2 , 
127334 , 
82154.6 , 
127332 , 
82149.9 , 
127329 , 
82143.1 , 
127322 , 
82139.1 , 
127322 , 
82142.1 , 
82129.6 , 
127316 , 
82129.6 , 
82122.7 , 
127310 , 
127329 , 
82173.1 , 
82111.5 , 
82069.3 , 
82109.7 , 
82103.5 , 
127318 , 
82155.9 , 
82098.3 , 
82102.5 , 
127317 , 
82146.5 , 
82093.7 , 
127312 , 
82139.1 , 
82087.9 , 
82084.4 , 
127308 , 
82129.7 , 
82081 , 
127304 , 
82125 , 
82075 , 
82066.5 , 
82030.3 , 
82062.6 , 
82053.8 , 
82043.7 , 
127277 , 
82103.1 , 
82037.1 , 
82040.5 , 
82038.1 , 
82030 , 
81993.5 , 
82016.1 , 
82009.4 , 
82002.8 , 
81997.3 , 
81989.1 , 
127206 , 
81980.3 , 
81930 , 
81966.9 , 
81958.9 , 
81951.8 , 
81947 , 
81944.2 , 
81934.6 , 
81923.1 , 
127139 , 
81909.1 , 
127121 , 
81899.7 , 
81836 , 
81889.6 , 
127152 , 
81977 , 
127155 , 
81972.9 , 
81885.8 , 
81875.3 , 
81864.5 , 
81861.5 , 
81850.7 , 
81841.3 , 
81835.4 , 
81786.6 , 
127096 , 
81918 , 
81821.8 , 
81807.7 , 
81803.1 , 
81792.8 , 
81781.8 , 
81719.1 , 
81763.1 , 
81750.9 , 
81752.3 , 
81737.6 , 
81729.1 , 
81720.8 , 
81703 , 
81609.4 , 
81677.5 , 
81661.5 , 
81640.9 , 
81630.6 , 
81617.7 , 
81598.3 , 
81485.6 , 
81567.9 , 
81548 , 
81543.1 , 
81528.6 , 
81496.2 , 
81481.3 , 
81351 , 
81441.1 , 
81414.3 , 
81372.6 , 
81377.4 , 
81355.6 , 
81338.7 , 
81216 , 
81298.9 , 
81270.3 , 
81241.6 , 
81236.4 , 
81219.8 , 
81183.1 , 
82600.7 , 
81154.9 , 
126777 , 
81136.7 , 
126764 , 
81099.7 , 
126724 , 
82697.9 , 
81341.8 , 
126462 , 
81327.9 , 
81135.6 , 
81106.4 , 
82627.9 , 
81285.6 , 
82621 , 
81282.9 , 
82620.5 , 
81277.1 , 
82690.7 , 
81268.9 , 
81116.9 , 
81103.7 , 
82622.2 , 
81233.9 , 
82622 , 
81229.6 , 
82625.4 , 
81224.9 , 
82618.8 , 
81222.6 , 
81106.5 , 
82633 , 
81201.5 , 
82630.5 , 
81199.2 , 
81089.6 , 
82562.4 , 
82618.9 , 
81189.3 , 
82615.6 , 
81187.1 , 
82613.4 , 
81184.6 , 
82676.4 , 
81181.6 , 
82626.2 , 
81173.7 , 
82624.7 , 
81171.8 , 
81091.2 , 
82622.4 , 
81162.1 , 
82621.6 , 
81160.1 , 
82621.3 , 
81158.5 , 
82681.7 , 
81157.1 , 
82624.7 , 
81152.6 , 
82624 , 
81151 , 
81091.7 , 
82625.5 , 
81142.6 , 
82625.5 , 
81141.4 , 
82624.3 , 
81140.1 , 
81085 , 
82589.8 , 
82618.3 , 
81135.3 , 
82617.8 , 
81133.9 , 
82625 , 
81129.5 , 
82624.9 , 
81128.5 , 
82624.3 , 
81127.4 , 
82626.8 , 
81125.4 , 
82626.8 , 
81124.5 , 
82625.4 , 
81124 , 
82625.4 , 
81123 , 
81088.7 , 
82625.4 , 
81118.9 , 
82625.2 , 
81118 , 
82626.3 , 
81116.8 , 
82626.3 , 
81115.7 , 
82625.6 , 
81115.1 , 
82625.6 , 
81114.2 , 
81088.9 , 
82626.8 , 
81110 , 
82627.4 , 
81109.4 , 
82626.6 , 
81108.9 , 
82626.6 , 
81108.2 , 
82626.3 , 
81107.6 , 
82626.3 , 
81106.9 , 
81089 , 
82628 , 
81103.8 , 
82627.6 , 
81103.4 , 
82627.6 , 
81102.8 , 
82627.5 , 
81102.5 , 
82627.6 , 
81101.9 , 
81086.6 , 
82627.2 , 
81100.8 , 
82627.4 , 
81099.4 , 
81085.8 , 
82624.8 , 
81098.5 , 
82624.8 , 
81098 , 
82624.6 , 
81097.7 , 
82624.6 , 
81097.3 , 
82626 , 
81096.6 , 
82625.3 , 
81096 , 
82625.6 , 
81095.7 , 
82626.1 , 
81095.2 , 
82626.1 , 
81094.8 , 
82626.1 , 
81094.7 , 
82626.1 , 
81094.3 , 
82626.9 , 
81093.8 , 
82626.6 , 
81093.5 , 
82626.7 , 
81093.3 , 
81086.3 , 
82626.3 , 
81092.5 , 
82626.3 , 
81092.3 , 
82626.3 , 
81092.1 , 
82626.6 , 
81091.8 , 
82626.5 , 
81091.6 , 
82626.6 , 
81091.4 , 
81086.4 , 
82626.6 , 
81090.7 , 
82626.7 , 
81090.5 , 
82626.8 , 
81090.4 , 
81085.9 , 
82625.9 , 
81090 , 
82626 , 
81089.9 , 
81085.3 , 
81085.1 , 
81084.5 , 
82621.8 , 
81083.9 , 
82621 , 
81083.5 , 
82620.4 , 
82623 , 
81088.1 , 
81082.8 , 
81079.4 , 
81082.2 , 
81081.4 , 
81080.5 , 
81080.2 , 
81080.7 , 
81080.3 , 
81079.5 , 
81079 , 
81075.5 , 
81077.9 , 
82616.8 , 
81083.3 , 
81077.2 , 
81076.3 , 
81075.7 , 
81075.2 , 
81070.8 , 
81074.1 , 
81072.9 , 
81072.8 , 
81072.5 , 
126854 , 
81078.6 , 
81072 , 
81071.2 , 
81070 , 
81488.2 , 
81069.4 , 
81487.6 , 
81068.1 , 
81062.5 , 
81066.9 , 
81489.4 , 
81074.9 , 
81066.4 , 
81489.4 , 
81073.7 , 
81066.4 , 
81488.6 , 
81073 , 
81489 , 
81072.6 , 
81066.4 , 
81489 , 
81071.7 , 
81489.6 , 
81071.3 , 
81066.2 , 
81488.7 , 
81070.9 , 
81488.6 , 
81070.8 , 
81065.2 , 
81064.9 , 
81487.5 , 
81069.8 , 
81487.7 , 
81069.6 , 
81487.6 , 
81069.4 , 
81487.7 , 
81069.3 , 
81064.2 , 
81486.7 , 
81069 , 
81064.1 , 
81486.8 , 
81068.2 , 
81486.8 , 
81068.1 , 
81063.5 , 
81486.1 , 
81067.7 , 
81486 , 
81067.6 , 
81486.1 , 
81067.4 , 
81486.7 , 
81067 , 
81486.7 , 
81066.9 , 
81063.6 , 
81063.2 , 
81486.2 , 
81066.3 , 
81486.5 , 
81066.1 , 
81486.5 , 
81066 , 
81063.1 , 
81486.4 , 
81065.6 , 
81063.1 , 
81062.6 , 
81062.2 , 
81060.2 , 
81061.6 , 
81061 , 
81060.5 , 
81060.1 , 
81057.5 , 
82595.6 , 
81063.8 , 
81059.8 , 
81059.8 , 
81059.4 , 
81059.1 , 
81058.6 , 
82593.9 , 
81062.2 , 
82593.9 , 
81062 , 
81058.2 , 
81057.6 , 
81057.3 , 
81477.9 , 
82592.3 , 
81061.1 , 
81057 , 
82589.8 , 
81056.5 , 
81053.7 , 
81479.1 , 
81060.1 , 
82591.7 , 
81059.9 , 
81056.1 , 
81056.1 , 
82591.3 , 
81059.1 , 
81055.7 , 
81055.4 , 
81478.3 , 
81058.5 , 
81054.8 , 
82590.4 , 
81058.2 , 
82590 , 
81058 , 
81054.6 , 
81477.8 , 
81057.6 , 
82589.6 , 
81057.6 , 
81054.7 , 
82589.5 , 
81057.2 , 
81054.4 , 
81477.7 , 
82592.2 , 
82589.8 , 
82591 , 
81054.9 , 
82589.8 , 
82589.5 , 
82590.9 , 
82589.9 , 
82590.9 , 
82591.1 , 
82589.7 , 
82590.9 , 
82590.2 , 
82591.2 , 
82589.5 , 
81055.6 , 
81054.1 , 
82589.1 , 
81053.7 , 
82588.9 , 
81053.2 , 
81052.1 , 
82588.2 , 
81053.2 , 
81053.3 , 
82588.6 , 
81053.3 , 
81053.2 , 
82588.4 , 
81053.1 , 
82588.5 , 
81053.4 , 
82589.2 , 
82588.7 , 
81052.7 , 
81052.9 , 
82588.8 , 
81052.5 , 
82587.9 , 
82588.1 , 
81052.7 , 
81052.6 , 
81052.6 , 
82588.3 , 
82587.9 , 
82588 , 
82588.4 , 
81052.6 , 
82589.1 , 
81051.6 , 
82585.7 , 
81051.7 , 
81051.9 , 
82587.2 , 
82587.3 , 
82587.3 , 
81052 , 
82587.2 , 
82587.8 , 
81052.1 , 
82587.9 , 
81052.1 , 
81052.7 , 
81052.7 , 
81051.7 , 
82587.1 , 
82587.8 , 
81052.1 , 
82587 , 
82587 , 
82587.4 , 
81051.8 , 
81051.8 , 
81052.1 , 
81052 , 
81052.1 , 
81052.1 , 
81052.1 , 
82587.1 , 
82587.2 , 
81051.8 , 
81052.1 , 
81051.7 , 
81051.9 , 
82587.2 , 
81051.9 , 
81052.2 , 
82587.6 , 
81051.8 , 
81051.6 , 
81051.7 , 
81051.7 , 
82586.8 , 
82587.3 , 
82587.2 , 
81051.6 , 
81051.7 , 
81051.7 , 
81051.7 , 
81051.7 , 
82587.1 , 
82587.1 , 
82587.1 , 
81051.7 , 
82586.9 , 
81051.7 , 
81051.8 , 
81051.7 , 
82587.2 , 
81051.6 , 
81051.6 , 
82586.8 , 
82586.7 , 
81051.5 , 
81051.3 , 
82586.9 , 
82586.9 , 
81051.4 , 
81051.5 , 
82586.7 , 
81051.4 , 
82586.8 , 
81051.5 , 
81051.3 , 
81051.4 , 
82586.7 , 
81051.5 , 
81051.5 , 
82586.8 , 
82586.8 , 
81051.4 , 
81051.4 , 
81051.3 , 
82586.7 , 
81051.3 , 
81051.4 , 
81051.3 , 
82586.7 , 
81051.4 , 
82586.6 , 
82586.7 , 
81051.3 , 
82586.7 , 
81051.3 , 
82586.7 , 
82586.6 , 
81051.4 , 
81051.3 , 
81051.3 , 
81051.3 , 
81051.3 , 
81051.4 , 
81051.3 , 
82586.6 , 
81051.3 , 
81051.3 , 
81051.3 , 
81051.3 , 
82586.6 , 
81051.3 , 
81051.3 , 
81051.3 , 
