312.9427549,-0.997715525,9.599329929,0.368216268,-2.052340429,1,1.034227515,1.34297,-683.2919337,-658.9120143,-0.001513595,0.003114741,,,-0.997715525,-324.9125244,julia> pa.?_w_ub,,,
312.9445991,-0.996815523,9.600186053,0.440655765,-2.334353032,1,1.036619629,1.34297,-683.2895296,-658.9119779,-0.001517102,0.003542739,,,-0.996815523,,14.24264069,,8.40042856,-19339.04455
312.9464847,-0.995915343,9.600936945,0.513080523,-2.616426222,1,1.039059375,1.34297,-683.2870747,-658.9119344,-0.001520678,0.003970828,,,-0.995915343,,,,0.016800857,-5.458808899
312.9484126,-0.995014938,9.6016347,0.58549027,-2.89857522,1,1.041547664,1.34297,-683.284568,-658.9118837,-0.001524325,0.004399033,,,-0.995014938,,julia> pa.?_w_lb,,,
312.9503838,-0.994114284,9.60230188,0.657884731,-3.180806605,1,1.044085373,1.34297,-683.2820085,-658.9118255,-0.001528045,0.004827363,,,-0.994114284,,5.842212127,,,
312.9523991,-0.993213371,9.602950444,0.730263627,-3.463124197,1,1.046673379,1.34297,-683.2793954,-658.9117595,-0.001531838,0.005255824,,,-0.993213371,,,,,
312.9544594,-0.99231219,9.60358755,0.802626674,-3.745530727,1,1.049312566,1.34297,-683.2767275,-658.9116854,-0.001535707,0.00568442,,,-0.99231219,,,,,
312.9565657,-0.991410733,9.604217852,0.874973582,-4.028028443,1,1.052003829,1.34297,-683.2740039,-658.9116029,-0.001539651,0.006113155,,,-0.991410733,,,,,
312.9587189,-0.990508994,9.604844566,0.947304056,-4.310619365,1,1.054748076,1.34297,-683.2712234,-658.9115116,-0.001543674,0.006542031,,,-0.990508994,,,,,
312.9609199,-0.989606966,9.605470021,1.019617797,-4.593305409,1,1.057546229,1.34297,-683.2683851,-658.9114112,-0.001547776,0.006971052,,,-0.989606966,,,,,
312.9631698,-0.988704644,9.606095969,1.091914499,-4.87608845,1,1.060399222,1.34297,-683.2654877,-658.9113014,-0.001551958,0.00740022,,,-0.988704644,,,,,
312.9654695,-0.987802022,9.60672377,1.164193852,-5.158970353,1,1.063308007,1.34297,-683.2625302,-658.9111817,-0.001556222,0.007829538,,,-0.987802022,,,,,
312.9678201,-0.986899093,9.607354508,1.236455539,-5.441952992,1,1.066273549,1.34297,-683.2595115,-658.9110517,-0.001560569,0.00825901,,,-0.986899093,,,,,
312.9702225,-0.985995851,9.607989068,1.308699241,-5.725038263,1,1.069296826,1.34297,-683.2564303,-658.9109111,-0.001565001,0.008688638,,,-0.985995851,,,,,
312.9726779,-0.985092289,9.608628186,1.38092463,-6.008228087,1,1.072378834,1.34297,-683.2532854,-658.9107595,-0.001569519,0.009118425,,,-0.985092289,,,,,
312.9751874,-0.984188402,9.609272487,1.453131374,-6.291524416,1,1.075520584,1.34297,-683.2500757,-658.9105965,-0.001574124,0.009548373,,,-0.984188402,,,,,
312.9777519,-0.983284183,9.609922509,1.525319135,-6.574929236,1,1.0787231,1.34297,-683.2467998,-658.9104215,-0.001578819,0.009978487,,,-0.983284183,,,,,
312.9803727,-0.982379626,9.610578724,1.59748757,-6.858444564,1,1.081987425,1.34297,-683.2434567,-658.9102342,-0.001583605,0.010408769,,,-0.982379626,,,,,
312.9830509,-0.981474722,9.611241548,1.669636328,-7.142072456,1,1.085314616,1.34297,-683.2400449,-658.9100342,-0.001588482,0.010839222,,,-0.981474722,,,,,
312.9857876,-0.980569466,9.611911357,1.741765056,-7.425815,1,1.088705746,1.34297,-683.2365631,-658.9098208,-0.001593454,0.01126985,,,-0.980569466,,,,,
312.9885841,-0.979663851,9.612588489,1.813873392,-7.70967432,1,1.092161905,1.34297,-683.2330101,-658.9095937,-0.00159852,0.011700656,,,-0.979663851,,,,,
312.9914415,-0.978757868,9.613273256,1.885960969,-7.993652579,1,1.095684197,1.34297,-683.2293844,-658.9093524,-0.001603684,0.012131642,,,-0.978757868,,,,,
312.9943611,-0.977851512,9.613965947,1.958027413,-8.277751971,1,1.099273747,1.34297,-683.2256847,-658.9090963,-0.001608947,0.012562813,,,-0.977851512,,,,,
312.9973441,-0.976944774,9.614666829,2.030072345,-8.56197473,1,1.102931693,1.34297,-683.2219096,-658.9088248,-0.00161431,0.012994172,,,-0.976944774,,,,,
313.0003918,-0.976037647,9.615376155,2.10209538,-8.846323122,1,1.106659192,1.34297,-683.2180576,-658.9085376,-0.001619775,0.013425722,,,-0.976037647,,,,,
313.0035055,-0.975130124,9.616094163,2.174096124,-9.130799451,1,1.110457417,1.34297,-683.2141273,-658.9082339,-0.001625343,0.013857468,,,-0.975130124,,,,,
313.0066866,-0.974222195,9.61682108,2.246074179,-9.415406057,1,1.114327558,1.34297,-683.2101172,-658.9079132,-0.001631017,0.014289411,,,-0.974222195,,,,,
313.0099363,-0.973313855,9.617557124,2.318029141,-9.700145315,1,1.118270825,1.34297,-683.2060258,-658.907575,-0.001636799,0.014721557,,,-0.973313855,,,,,
313.013256,-0.972405093,9.618302503,2.389960596,-9.985019635,1,1.122288443,1.34297,-683.2018515,-658.9072186,-0.001642689,0.015153908,,,-0.972405093,,,,,
313.0166473,-0.971495902,9.619057421,2.461868126,-10.27003146,1,1.126381656,1.34297,-683.1975928,-658.9068433,-0.001648691,0.01558647,,,-0.971495902,,,,,
313.0201114,-0.970586275,9.619822072,2.533751306,-10.55518328,1,1.130551728,1.34297,-683.1932481,-658.9064486,-0.001654805,0.016019244,,,-0.970586275,,,,,
313.0236499,-0.969676201,9.620596647,2.605609703,-10.84047761,1,1.134799939,1.34297,-683.1888158,-658.9060337,-0.001661034,0.016452236,,,-0.969676201,,,,,
313.0272641,-0.968765672,9.621381334,2.677442876,-11.125917,1,1.139127588,1.34297,-683.1842941,-658.905598,-0.00166738,0.016885449,,,-0.968765672,,,,,
313.0309558,-0.967854681,9.622176315,2.74925038,-11.41150404,1,1.143535993,1.34297,-683.1796814,-658.9051408,-0.001673844,0.017318888,,,-0.967854681,,,,,
313.0347262,-0.966943217,9.622981769,2.821031759,-11.69724136,1,1.148026493,1.34297,-683.1749761,-658.9046613,-0.001680428,0.017752555,,,-0.966943217,,,,,
313.0385772,-0.966031271,9.623797873,2.892786552,-11.98313161,1,1.152600444,1.34297,-683.1701763,-658.9041589,-0.001687135,0.018186456,,,-0.966031271,,,,,
313.0425101,-0.965118835,9.624624803,2.964514289,-12.2691775,1,1.157259221,1.34297,-683.1652802,-658.9036326,-0.001693967,0.018620595,,,-0.965118835,,,,,
313.0465267,-0.964205899,9.62546273,3.036214494,-12.55538175,1,1.162004222,1.34297,-683.1602861,-658.9030819,-0.001700925,0.019054975,,,-0.964205899,,,,,
313.0506287,-0.963292454,9.626311826,3.107886682,-12.84174715,1,1.166836861,1.34297,-683.1551921,-658.9025058,-0.001708011,0.019489601,,,-0.963292454,,,,,
313.0548176,-0.962378489,9.62717226,3.17953036,-13.12827648,1,1.171758574,1.34297,-683.1499964,-658.9019035,-0.001715229,0.019924478,,,-0.962378489,,,,,
313.0590952,-0.961463995,9.628044201,3.251145028,-13.4149726,1,1.176770819,1.34297,-683.1446969,-658.9012742,-0.001722579,0.020359609,,,-0.961463995,,,,,
313.0634633,-0.960548963,9.628927817,3.322730176,-13.70183838,1,1.181875072,1.34297,-683.1392919,-658.900617,-0.001730065,0.020795,,,-0.960548963,,,,,
313.0679237,-0.959633381,9.629823275,3.394285288,-13.98887673,1,1.187072831,1.34297,-683.1337792,-658.899931,-0.001737687,0.021230654,,,-0.959633381,,,,,
313.0724781,-0.95871724,9.630730741,3.465809838,-14.27609061,1,1.192365615,1.34297,-683.1281568,-658.8992152,-0.001745449,0.021666577,,,-0.95871724,,,,,
313.0771284,-0.957800529,9.631650381,3.537303293,-14.56348301,1,1.197754965,1.34297,-683.1224228,-658.8984688,-0.001753353,0.022102773,,,-0.957800529,,,,,
313.0818764,-0.956883238,9.632582363,3.60876511,-14.85105694,1,1.203242441,1.34297,-683.116575,-658.8976908,-0.001761401,0.022539246,,,-0.956883238,,,,,
313.0867242,-0.955965357,9.63352685,3.680194738,-15.13881547,1,1.208829629,1.34297,-683.1106113,-658.89688,-0.001769596,0.022976001,,,-0.955965357,,,,,
313.0916736,-0.955046873,9.63448401,3.751591616,-15.4267617,1,1.214518132,1.34297,-683.1045295,-658.8960357,-0.001777939,0.023413044,,,-0.955046873,,,,,
313.0967267,-0.954127776,9.635454008,3.822955175,-15.71489876,1,1.22030958,1.34297,-683.0983274,-658.8951565,-0.001786433,0.023850378,,,-0.954127776,,,,,
313.1018854,-0.953208056,9.63643701,3.894284837,-16.00322981,1,1.226205623,1.34297,-683.0920027,-658.8942416,-0.001795081,0.02428801,,,-0.953208056,,,,,
313.1071518,-0.9522877,9.637433184,3.965580015,-16.29175808,1,1.232207934,1.34297,-683.0855532,-658.8932897,-0.001803885,0.024725943,,,-0.9522877,,,,,
313.112528,-0.951366697,9.638442695,4.036840111,-16.58048681,1,1.238318209,1.34297,-683.0789766,-658.8922998,-0.001812848,0.025164184,,,-0.951366697,,,,,
313.1180161,-0.950445035,9.639465712,4.108064518,-16.86941927,1,1.244538167,1.34297,-683.0722704,-658.8912706,-0.001821971,0.025602736,,,-0.950445035,,,,,
313.1236184,-0.949522703,9.640502402,4.179252621,-17.15855879,1,1.250869551,1.34297,-683.0654322,-658.8902009,-0.001831259,0.026041606,,,-0.949522703,,,,,
313.1293369,-0.948599689,9.641552933,4.250403793,-17.44790873,1,1.257314127,1.34297,-683.0584596,-658.8890896,-0.001840712,0.026480798,,,-0.948599689,,,,,
313.1351741,-0.94767598,9.642617474,4.321517398,-17.73747247,1,1.263873686,1.34297,-683.0513501,-658.8879354,-0.001850335,0.026920318,,,-0.94767598,,,,,
313.1411321,-0.946751564,9.643696196,4.39259279,-18.02725346,1,1.270550042,1.34297,-683.0441012,-658.8867368,-0.001860129,0.02736017,,,-0.946751564,,,,,
313.1472133,-0.945826429,9.644789267,4.463629311,-18.31725515,1,1.277345034,1.34297,-683.0367101,-658.8854927,-0.001870097,0.027800362,,,-0.945826429,,,,,
313.15342,-0.944900562,9.64589686,4.534626296,-18.60748106,1,1.284260526,1.34297,-683.0291743,-658.8842017,-0.001880243,0.028240897,,,-0.944900562,,,,,
313.1597548,-0.94397395,9.647019146,4.605583065,-18.89793472,1,1.291298406,1.34297,-683.0214911,-658.8828623,-0.001890568,0.028681782,,,-0.94397395,,,,,
313.16622,-0.94304658,9.648156298,4.676498932,-19.18861973,1,1.298460588,1.34297,-683.0136578,-658.881473,-0.001901076,0.029123022,,,-0.94304658,,,,,
313.1728181,-0.942118439,9.649308489,4.747373196,-19.47953969,1,1.305749011,1.34297,-683.0056715,-658.8800325,-0.001911769,0.029564623,,,-0.942118439,,,,,
313.1795517,-0.941189513,9.650475894,4.818205147,-19.77069827,1,1.313165639,1.34297,-682.9975294,-658.8785392,-0.001922651,0.03000659,,,-0.941189513,,,,,
313.1864235,-0.94025979,9.651658687,4.888994064,-20.06209915,1,1.320712462,1.34297,-682.9892287,-658.8769915,-0.001933724,0.03044893,,,-0.94025979,,,,,
313.1934359,-0.939329254,9.652857046,4.959739213,-20.35374607,1,1.328391499,1.34297,-682.9807663,-658.8753879,-0.001944991,0.030891647,,,-0.939329254,,,,,
313.2005918,-0.938397893,9.654071146,5.03043985,-20.64564279,1,1.33620479,1.34297,-682.9721393,-658.8737267,-0.001956456,0.031334749,,,-0.938397893,,,,,
313.2078939,-0.937465693,9.655301167,5.101095218,-20.93779312,1,1.344154407,1.34297,-682.9633446,-658.8720062,-0.001968121,0.031778241,,,-0.937465693,,,,,
313.2153448,-0.936532638,9.656547287,5.171704549,-21.23020089,1,1.352242445,1.34297,-682.9543791,-658.8702247,-0.001979989,0.032222128,,,-0.936532638,,,,,
313.2229476,-0.935598715,9.657809686,5.242267064,-21.52287,1,1.360471028,1.34297,-682.9452397,-658.8683805,-0.001992065,0.032666418,,,-0.935598715,,,,,
313.230705,-0.934663909,9.659088546,5.312781968,-21.81580436,1,1.368842307,1.34297,-682.9359231,-658.8664717,-0.00200435,0.033111116,,,-0.934663909,,,,,
313.23862,-0.933728205,9.660384048,5.383248458,-22.10900791,1,1.37735846,1.34297,-682.9264261,-658.8644964,-0.002016848,0.033556229,,,-0.933728205,,,,,
313.2466956,-0.932791588,9.661696376,5.453665716,-22.40248464,1,1.386021693,1.34297,-682.9167452,-658.8624528,-0.002029562,0.034001763,,,-0.932791588,,,,,
313.2549348,-0.931854043,9.663025714,5.524032911,-22.6962386,1,1.394834241,1.34297,-682.9068772,-658.860339,-0.002042496,0.034447723,,,-0.931854043,,,,,
313.2633407,-0.930915555,9.664372248,5.5943492,-22.99027383,1,1.403798366,1.34297,-682.8968185,-658.8581528,-0.002055652,0.034894118,,,-0.930915555,,,,,
313.2719165,-0.929976107,9.665736164,5.664613726,-23.28459443,1,1.412916359,1.34297,-682.8865656,-658.8558923,-0.002069035,0.035340952,,,-0.929976107,,,,,
313.2806653,-0.929035684,9.667117649,5.73482562,-23.57920455,1,1.422190541,1.34297,-682.876115,-658.8535553,-0.002082648,0.035788233,,,-0.929035684,,,,,
313.2895904,-0.928094271,9.668516892,5.804983999,-23.87410835,1,1.43162326,1.34297,-682.8654629,-658.8511398,-0.002096494,0.036235967,,,-0.928094271,,,,,
313.2986952,-0.92715185,9.669934083,5.875087964,-24.16931005,1,1.441216894,1.34297,-682.8546057,-658.8486434,-0.002110577,0.036684162,,,-0.92715185,,,,,
313.3079829,-0.926208406,9.671369414,5.945136605,-24.46481388,1,1.450973851,1.34297,-682.8435396,-658.846064,-0.002124899,0.037132822,,,-0.926208406,,,,,
313.3174571,-0.925263922,9.672823075,6.015128998,-24.76062412,1,1.460896569,1.34297,-682.8322607,-658.8433991,-0.002139466,0.037581957,,,-0.925263922,,,,,
313.3271211,-0.924318381,9.674295261,6.085064201,-25.0567451,1,1.470987514,1.34297,-682.820765,-658.8406465,-0.002154281,0.038031571,,,-0.924318381,,,,,
313.3369787,-0.923371766,9.675786166,6.154941262,-25.35318115,1,1.481249185,1.34297,-682.8090487,-658.8378037,-0.002169346,0.038481673,,,-0.923371766,,,,,
313.3470333,-0.92242406,9.677295985,6.224759212,-25.64993667,1,1.491684108,1.34297,-682.7971076,-658.8348681,-0.002184667,0.03893227,,,-0.92242406,,,,,
313.3572887,-0.921475246,9.678824915,6.294517067,-25.94701607,1,1.502294843,1.34297,-682.7849376,-658.8318373,-0.002200246,0.039383367,,,-0.921475246,,,,,
313.3677485,-0.920525305,9.680373155,6.364213827,-26.24442381,1,1.513083979,1.34297,-682.7725345,-658.8287086,-0.002216088,0.039834973,,,-0.920525305,,,,,
313.3784167,-0.91957422,9.681940903,6.43384848,-26.54216437,1,1.524054136,1.34297,-682.7598939,-658.8254794,-0.002232196,0.040287095,,,-0.91957422,,,,,
313.3892969,-0.918621974,9.683528359,6.503419995,-26.84024227,1,1.535207967,1.34297,-682.7470115,-658.8221468,-0.002248575,0.040739739,,,-0.918621974,,,,,
313.4003933,-0.917668547,9.685135726,6.572927326,-27.13866208,1,1.546548154,1.34297,-682.7338829,-658.818708,-0.002265228,0.041192914,,,-0.917668547,,,,,
313.4117098,-0.916713922,9.686763205,6.642369412,-27.43742837,1,1.558077413,1.34297,-682.7205035,-658.8151603,-0.00228216,0.041646626,,,-0.916713922,,,,,
313.4232504,-0.915758079,9.688411002,6.711745176,-27.73654577,1,1.56979849,1.34297,-682.7068687,-658.8115005,-0.002299374,0.042100883,,,-0.915758079,,,,,
313.4350193,-0.914801,9.69007932,6.781053522,-28.03601893,1,1.581714164,1.34297,-682.6929739,-658.8077257,-0.002316875,0.042555692,,,-0.914801,,,,,
313.4470207,-0.913842665,9.691768366,6.85029334,-28.33585253,1,1.593827248,1.34297,-682.6788142,-658.8038328,-0.002334666,0.043011062,,,-0.913842665,,,,,
313.4592588,-0.912883056,9.693478349,6.919463502,-28.63605128,1,1.606140585,1.34297,-682.6643847,-658.7998186,-0.002352753,0.043466999,,,-0.912883056,,,,,
313.4717381,-0.911922152,9.695209476,6.988562863,-28.93661995,1,1.618657051,1.34297,-682.6496806,-658.7956799,-0.002371139,0.043923512,,,-0.911922152,,,,,
313.484463,-0.910959935,9.696961957,7.057590261,-29.23756329,1,1.631379558,1.34297,-682.6346968,-658.7914133,-0.002389828,0.044380608,,,-0.910959935,,,,,
313.4974379,-0.909996383,9.698736004,7.126544514,-29.53888613,1,1.644311046,1.34297,-682.619428,-658.7870154,-0.002408825,0.044838294,,,-0.909996383,,,,,
313.5106674,-0.909031476,9.70053183,7.195424426,-29.84059329,1,1.657454493,1.34297,-682.6038692,-658.7824828,-0.002428135,0.04529658,,,-0.909031476,,,,,
313.5241562,-0.908065195,9.702349647,7.26422878,-30.14268963,1,1.670812909,1.34297,-682.588015,-658.7778117,-0.002447762,0.045755472,,,-0.908065195,,,,,
313.5379091,-0.907097518,9.70418967,7.332956342,-30.44518007,1,1.684389337,1.34297,-682.57186,-658.7729987,-0.00246771,0.046214979,,,-0.907097518,,,,,
313.5519307,-0.906128425,9.706052116,7.401605858,-30.7480695,1,1.698186853,1.34297,-682.5553986,-658.7680399,-0.002487984,0.046675108,,,-0.906128425,,,,,
313.5662261,-0.905157894,9.707937201,7.470176057,-31.05136289,1,1.71220857,1.34297,-682.5386252,-658.7629315,-0.002508589,0.047135868,,,-0.905157894,,,,,
313.5808001,-0.904185903,9.709845144,7.538665648,-31.3550652,1,1.726457632,1.34297,-682.5215342,-658.7576696,-0.002529528,0.047597268,,,-0.904185903,,,,,
313.5956579,-0.903212433,9.711776165,7.607073319,-31.65918145,1,1.740937221,1.34297,-682.5041196,-658.7522502,-0.002550808,0.048059314,,,-0.903212433,,,,,
313.6108046,-0.902237459,9.713730484,7.675397741,-31.96371664,1,1.755650549,1.34297,-682.4863757,-658.7466691,-0.002572433,0.048522016,,,-0.902237459,,,,,
313.6262454,-0.901260961,9.715708324,7.743637564,-32.26867584,1,1.770600867,1.34297,-682.4682963,-658.7409222,-0.002594408,0.048985382,,,-0.901260961,,,,,
313.6419856,-0.900282916,9.717709908,7.811791417,-32.57406412,1,1.785791458,1.34297,-682.4498753,-658.7350051,-0.002616736,0.04944942,,,-0.900282916,,,,,
313.6580306,-0.899303301,9.719735459,7.87985791,-32.87988658,1,1.80122564,1.34297,-682.4311064,-658.7289134,-0.002639425,0.049914139,,,-0.899303301,,,,,
313.6743859,-0.898322094,9.721785203,7.947835631,-33.18614832,1,1.816906768,1.34297,-682.4119833,-658.7226426,-0.002662478,0.050379547,,,-0.898322094,,,,,
313.6910571,-0.897339271,9.723859368,8.015723148,-33.49285451,1,1.832838231,1.34297,-682.3924996,-658.7161882,-0.0026859,0.050845653,,,-0.897339271,,,,,
313.7080499,-0.896354809,9.725958181,8.083519007,-33.80001029,1,1.849023453,1.34297,-682.3726486,-658.7095453,-0.002709697,0.051312465,,,-0.896354809,,,,,
313.72537,-0.895368685,9.728081872,8.151221732,-34.10762084,1,1.865465893,1.34297,-682.3524235,-658.7027091,-0.002733875,0.051779992,,,-0.895368685,,,,,
313.7430232,-0.894380875,9.730230669,8.218829827,-34.41569137,1,1.882169048,1.34297,-682.3318177,-658.6956748,-0.002758437,0.052248243,,,-0.894380875,,,,,
313.7610156,-0.893391355,9.732404806,8.286341771,-34.7242271,1,1.899136448,1.34297,-682.310824,-658.6884372,-0.002783389,0.052717226,,,-0.893391355,,,,,
313.7793531,-0.8924001,9.734604513,8.353756024,-35.03323325,1,1.91637166,1.34297,-682.2894355,-658.6809911,-0.002808737,0.05318695,,,-0.8924001,,,,,
313.798042,-0.891407085,9.736830026,8.42107102,-35.34271508,1,1.933878286,1.34297,-682.2676449,-658.6733314,-0.002834486,0.053657425,,,-0.891407085,,,,,
313.8170884,-0.890412287,9.739081578,8.488285172,-35.65267785,1,1.951659965,1.34297,-682.2454448,-658.6654525,-0.002860642,0.054128659,,,-0.890412287,,,,,
313.8364988,-0.88941568,9.741359406,8.55539687,-35.96312684,1,1.96972037,1.34297,-682.2228279,-658.6573489,-0.00288721,0.054600661,,,-0.88941568,,,,,
313.8562795,-0.888417239,9.743663747,8.622404477,-36.27406735,1,1.988063212,1.34297,-682.1997865,-658.649015,-0.002914195,0.055073441,,,-0.888417239,,,,,
313.8764371,-0.887416938,9.745994839,8.689306337,-36.58550467,1,2.006692238,1.34297,-682.1763128,-658.6404449,-0.002941604,0.055547006,,,-0.887416938,,,,,
313.8969783,-0.886414751,9.748352921,8.756100766,-36.89744412,1,2.025611229,1.34297,-682.152399,-658.6316328,-0.002969441,0.056021367,,,-0.886414751,,,,,
313.9179099,-0.885410652,9.750738234,8.822786057,-37.20989102,1,2.044824005,1.34297,-682.128037,-658.6225726,-0.002997713,0.056496532,,,-0.885410652,,,,,
313.9392387,-0.884404615,9.753151018,8.889360477,-37.5228507,1,2.064334419,1.34297,-682.1032188,-658.613258,-0.003026425,0.05697251,,,-0.884404615,,,,,
313.9609717,-0.883396614,9.755591517,8.955822269,-37.8363285,1,2.084146363,1.34297,-682.0779359,-658.6036828,-0.003055584,0.057449312,,,-0.883396614,,,,,
313.983116,-0.882386621,9.758059974,9.022169651,-38.15032977,1,2.104263762,1.34297,-682.0521799,-658.5938405,-0.003085195,0.057926946,,,-0.882386621,,,,,
314.0056788,-0.88137461,9.760556634,9.088400812,-38.46485984,1,2.124690581,1.34297,-682.0259422,-658.5837245,-0.003115264,0.058405421,,,-0.88137461,,,,,
314.0286674,-0.880360552,9.763081742,9.154513918,-38.77992408,1,2.145430817,1.34297,-681.999214,-658.5733279,-0.003145797,0.058884747,,,-0.880360552,,,,,
314.0520893,-0.879344421,9.765635545,9.220507108,-39.09552782,1,2.166488507,1.34297,-681.9719865,-658.5626438,-0.0031768,0.059364934,,,-0.879344421,,,,,
314.075952,-0.878326189,9.768218291,9.286378493,-39.41167643,1,2.187867721,1.34297,-681.9442504,-658.5516653,-0.003208279,0.05984599,,,-0.878326189,,,,,
314.1002632,-0.877305826,9.770830228,9.352126157,-39.72837525,1,2.209572566,1.34297,-681.9159966,-658.540385,-0.003240242,0.060327925,,,-0.877305826,,,,,
314.1250307,-0.876283306,9.773471607,9.417748157,-40.04562963,1,2.231607185,1.34297,-681.8872157,-658.5287956,-0.003272693,0.06081075,,,-0.876283306,,,,,
314.1502624,-0.875258599,9.776142677,9.483242522,-40.36344491,1,2.253975757,1.34297,-681.857898,-658.5168894,-0.003305639,0.061294472,,,-0.875258599,,,,,
314.1759664,-0.874231676,9.778843691,9.548607252,-40.68182642,1,2.276682495,1.34297,-681.8280338,-658.5046588,-0.003339086,0.061779102,,,-0.874231676,,,,,
314.2021507,-0.873202508,9.781574902,9.61384032,-41.0007795,1,2.299731651,1.34297,-681.7976132,-658.4920959,-0.003373042,0.062264649,,,-0.873202508,,,,,
314.2288238,-0.872171066,9.784336562,9.678939668,-41.32030947,1,2.32312751,1.34297,-681.7666261,-658.4791926,-0.003407511,0.062751124,,,-0.872171066,,,,,
314.255994,-0.87113732,9.787128926,9.743903211,-41.64042162,1,2.346874391,1.34297,-681.7350622,-658.4659406,-0.003442502,0.063238535,,,-0.87113732,,,,,
314.2836698,-0.870101239,9.78995225,9.808728831,-41.96112126,1,2.370976652,1.34297,-681.7029111,-658.4523316,-0.00347802,0.063726893,,,-0.870101239,,,,,
314.31186,-0.869062794,9.792806789,9.873414384,-42.28241367,1,2.395438683,1.34297,-681.6701619,-658.4383569,-0.003514073,0.064216207,,,-0.869062794,,,,,
314.3405734,-0.868021954,9.795692802,9.937957693,-42.6043041,1,2.42026491,1.34297,-681.6368041,-658.4240077,-0.003550666,0.064706486,,,-0.868021954,,,,,
314.3698189,-0.866978688,9.798610546,10.00235655,-42.92679781,1,2.445459793,1.34297,-681.6028264,-658.409275,-0.003587808,0.065197742,,,-0.866978688,,,,,
314.3996055,-0.865932965,9.80156028,10.06660872,-43.24990001,1,2.471027828,1.34297,-681.5682176,-658.3941497,-0.003625503,0.065689982,,,-0.865932965,,,,,
314.4299426,-0.864884753,9.804542263,10.13071193,-43.57361591,1,2.496973543,1.34297,-681.5329664,-658.3786223,-0.00366376,0.066183218,,,-0.864884753,,,,,
314.4608395,-0.863834022,9.807556757,10.19466387,-43.89795068,1,2.523301501,1.34297,-681.4970611,-658.3626833,-0.003702586,0.066677459,,,-0.863834022,,,,,
314.4923057,-0.862780738,9.810604022,10.25846222,-44.22290948,1,2.5500163,1.34297,-681.4604898,-658.3463229,-0.003741987,0.067172714,,,-0.862780738,,,,,
314.5243508,-0.861724871,9.813684321,10.32210461,-44.54849743,1,2.577122569,1.34297,-681.4232404,-658.329531,-0.00378197,0.067668995,,,-0.861724871,,,,,
314.5569847,-0.860666387,9.816797916,10.38558864,-44.87471962,1,2.604624972,1.34297,-681.3853008,-658.3122975,-0.003822544,0.068166309,,,-0.860666387,,,,,
314.5902172,-0.859605254,9.819945071,10.44891187,-45.2015811,1,2.632528205,1.34297,-681.3466584,-658.2946119,-0.003863713,0.068664668,,,-0.859605254,,,,,
314.6240585,-0.858541438,9.823126051,10.51207183,-45.52908691,1,2.660836996,1.34297,-681.3073005,-658.2764635,-0.003905487,0.069164081,,,-0.858541438,,,,,
314.6585189,-0.857474907,9.82634112,10.57506603,-45.85724202,1,2.689556107,1.34297,-681.2672142,-658.2578416,-0.003947873,0.069664559,,,-0.857474907,,,,,
314.6936086,-0.856405626,9.829590543,10.63789193,-46.18605138,1,2.71869033,1.34297,-681.2263863,-658.2387348,-0.003990876,0.07016611,,,-0.856405626,,,,,
314.7293383,-0.855333563,9.832874588,10.70054696,-46.51551989,1,2.748244488,1.34297,-681.1848034,-658.219132,-0.004034506,0.070668745,,,-0.855333563,,,,,
314.7657187,-0.854258683,9.836193522,10.76302851,-46.84565241,1,2.778223438,1.34297,-681.1424519,-658.1990214,-0.00407877,0.071172474,,,-0.854258683,,,,,
314.8027606,-0.853180952,9.839547611,10.82533393,-47.17645376,1,2.808632065,1.34297,-681.099318,-658.1783913,-0.004123675,0.071677306,,,-0.853180952,,,,,
314.840475,-0.852100334,9.842937125,10.88746055,-47.50792868,1,2.839475284,1.34297,-681.0553874,-658.1572296,-0.004169228,0.072183251,,,-0.852100334,,,,,
314.8788732,-0.851016795,9.846362331,10.94940566,-47.8400819,1,2.87075804,1.34297,-681.0106459,-658.1355239,-0.004215438,0.07269032,,,-0.851016795,,,,,
314.9179664,-0.849930301,9.8498235,11.01116649,-48.17291807,1,2.902485308,1.34297,-680.9650788,-658.1132616,-0.004262312,0.073198522,,,-0.849930301,,,,,
314.9577663,-0.848840815,9.8533209,11.07274026,-48.50644177,1,2.934662092,1.34297,-680.9186712,-658.0904299,-0.004309857,0.073707867,,,-0.848840815,,,,,
314.9982844,-0.847748301,9.856854804,11.13412414,-48.84065755,1,2.967293423,1.34297,-680.871408,-658.0670156,-0.004358082,0.074218364,,,-0.847748301,,,,,
315.0395327,-0.846652724,9.86042548,11.19531526,-49.17556987,1,3.000384359,1.34297,-680.8232739,-658.0430053,-0.004406994,0.074730024,,,-0.846652724,,,,,
315.0815231,-0.845554048,9.864033201,11.25631071,-49.51118314,1,3.033939987,1.34297,-680.774253,-658.0183854,-0.004456602,0.075242857,,,-0.845554048,,,,,
315.1242679,-0.844452236,9.867678238,11.31710756,-49.8475017,1,3.067965418,1.34297,-680.7243295,-657.9931418,-0.004506913,0.075756871,,,-0.844452236,,,,,
315.1677794,-0.84334725,9.871360864,11.3777028,-50.1845298,1,3.102465791,1.34297,-680.6734872,-657.9672604,-0.004557935,0.076272077,,,-0.84334725,,,,,
315.2120701,-0.842239055,9.87508135,11.43809343,-50.52227165,1,3.137446269,1.34297,-680.6217094,-657.9407265,-0.004609677,0.076788485,,,-0.842239055,,,,,
315.2571529,-0.841127613,9.878839971,11.49827636,-50.86073134,1,3.172912039,1.34297,-680.5689795,-657.9135253,-0.004662146,0.077306104,,,-0.841127613,,,,,
315.3030405,-0.840012885,9.882636998,11.5582485,-51.1999129,1,3.208868314,1.34297,-680.5152803,-657.8856417,-0.004715351,0.077824944,,,-0.840012885,,,,,
315.3497462,-0.838894835,9.886472707,11.61800669,-51.53982028,1,3.245320327,1.34297,-680.4605945,-657.8570602,-0.004769299,0.078345014,,,-0.838894835,,,,,
315.3972831,-0.837773423,9.890347369,11.67754775,-51.88045734,1,3.282273335,1.34297,-680.4049042,-657.827765,-0.004824,0.078866324,,,-0.837773423,,,,,
315.4456647,-0.836648613,9.89426126,11.73686843,-52.22182783,1,3.319732616,1.34297,-680.3481916,-657.7977401,-0.004879461,0.079388883,,,-0.836648613,,,,,
315.4949048,-0.835520364,9.898214654,11.79596546,-52.56393542,1,3.357703469,1.34297,-680.2904383,-657.7669689,-0.004935691,0.079912701,,,-0.835520364,,,,,
315.545017,-0.834388638,9.902207825,11.85483552,-52.90678369,1,3.396191214,1.34297,-680.2316256,-657.7354348,-0.004992698,0.080437788,,,-0.834388638,,,,,
315.5960155,-0.833253396,9.906241048,11.91347525,-53.25037611,1,3.435201187,1.34297,-680.1717346,-657.7031207,-0.005050491,0.080964153,,,-0.833253396,,,,,
315.6479145,-0.832114599,9.910314598,11.97188124,-53.59471604,1,3.474738745,1.34297,-680.110746,-657.670009,-0.005109078,0.081491805,,,-0.832114599,,,,,
315.7007284,-0.830972206,9.914428749,12.03005002,-53.93980673,1,3.514809261,1.34297,-680.0486402,-657.6360821,-0.005168467,0.082020753,,,-0.830972206,,,,,
315.7544718,-0.829826177,9.918583777,12.08797811,-54.28565133,1,3.555418125,1.34297,-679.9853972,-657.6013217,-0.005228668,0.082551007,,,-0.829826177,,,,,
315.8091596,-0.828676473,9.922779957,12.14566196,-54.63225286,1,3.596570741,1.34297,-679.9209966,-657.5657094,-0.005289689,0.083082576,,,-0.828676473,,,,,
315.8648069,-0.827523053,9.927017563,12.20309797,-54.97961423,1,3.638272528,1.34297,-679.8554179,-657.5292263,-0.005351539,0.083615468,,,-0.827523053,,,,,
315.9214287,-0.826365875,9.931296872,12.26028251,-55.32773822,1,3.680528919,1.34297,-679.78864,-657.4918531,-0.005414225,0.084149694,,,-0.826365875,,,,,
315.9790407,-0.8252049,9.935618157,12.31721189,-55.67662749,1,3.723345358,1.34297,-679.7206414,-657.4535701,-0.005477758,0.084685261,,,-0.8252049,,,,,
316.0376583,-0.824040085,9.939981694,12.37388238,-56.02628455,1,3.766727302,1.34297,-679.6514005,-657.4143575,-0.005542146,0.08522218,,,-0.824040085,,,,,
316.0972976,-0.82287139,9.944387758,12.43029019,-56.37671181,1,3.810680215,1.34297,-679.5808952,-657.3741947,-0.005607398,0.085760458,,,-0.82287139,,,,,
316.1579745,-0.821698772,9.948836624,12.4864315,-56.72791149,1,3.855209573,1.34297,-679.5091028,-657.3330609,-0.005673522,0.086300104,,,-0.821698772,,,,,
316.2197054,-0.82052219,9.953328566,12.54230243,-57.07988571,1,3.900320858,1.34297,-679.4360006,-657.2909349,-0.005740527,0.086841127,,,-0.82052219,,,,,
316.2825068,-0.8193416,9.957863858,12.59789903,-57.43263642,1,3.946019558,1.34297,-679.3615652,-657.2477951,-0.005808423,0.087383536,,,-0.8193416,,,,,
316.3463954,-0.818156961,9.962442775,12.65321734,-57.78616543,1,3.992311168,1.34297,-679.2857729,-657.2036193,-0.005877219,0.087927339,,,-0.818156961,,,,,
316.4113882,-0.81696823,9.967065592,12.70825333,-58.14047437,1,4.039201186,1.34297,-679.2085997,-657.1583852,-0.005946923,0.088472544,,,-0.81696823,,,,,
316.4775023,-0.815775363,9.97173258,12.7630029,-58.49556473,1,4.086695111,1.34297,-679.130021,-657.1120697,-0.006017544,0.08901916,,,-0.815775363,,,,,
316.5447551,-0.814578318,9.976444015,12.81746192,-58.85143783,1,4.134798446,1.34297,-679.0500119,-657.0646494,-0.006089093,0.089567195,,,-0.814578318,,,,,
316.6131643,-0.813377052,9.981200168,12.87162622,-59.20809482,1,4.183516692,1.34297,-678.9685471,-657.0161006,-0.006161577,0.090116657,,,-0.813377052,,,,,
316.6827477,-0.812171519,9.986001313,12.92549154,-59.56553667,1,4.232855349,1.34297,-678.8856009,-656.9663989,-0.006235005,0.090667554,,,-0.812171519,,,,,
316.7535235,-0.810961676,9.990847721,12.97905359,-59.92376417,1,4.282819915,1.34297,-678.8011468,-656.9155197,-0.006309388,0.091219894,,,-0.810961676,,,,,
316.8255099,-0.80974748,9.995739665,13.03230803,-60.28277793,1,4.333415882,1.34297,-678.7151584,-656.8634376,-0.006384734,0.091773685,,,-0.80974748,,,,,
316.8987255,-0.808528885,10.00067742,13.08525045,-60.64257838,1,4.384648735,1.34297,-678.6276086,-656.810127,-0.006461053,0.092328933,,,-0.808528885,,,,,
316.9731892,-0.807305847,10.00566124,13.1378764,-61.00316573,1,4.436523955,1.34297,-678.5384696,-656.7555616,-0.006538353,0.092885648,,,-0.807305847,,,,,
317.0489199,-0.806078322,10.01069142,13.19018136,-61.36454003,1,4.489047011,1.34297,-678.4477135,-656.6997148,-0.006616644,0.093443835,,,-0.806078322,,,,,
317.125937,-0.804846263,10.01576821,13.24216077,-61.72670108,1,4.542223361,1.34297,-678.3553118,-656.6425593,-0.006695935,0.094003503,,,-0.804846263,,,,,
317.20426,-0.803609626,10.02089189,13.29380999,-62.0896485,1,4.596058453,1.34297,-678.2612356,-656.5840674,-0.006776236,0.094564659,,,-0.803609626,,,,,
317.2839086,-0.802368364,10.02606273,13.34512435,-62.4533817,1,4.650557717,1.34297,-678.1654552,-656.524211,-0.006857556,0.095127309,,,-0.802368364,,,,,
317.364903,-0.801122433,10.03128098,13.3960991,-62.81789986,1,4.705726571,1.34297,-678.0679407,-656.4629611,-0.006939904,0.095691461,,,-0.801122433,,,,,
317.4472633,-0.799871786,10.03654693,13.44672945,-63.18320194,1,4.761570412,1.34297,-677.9686618,-656.4002886,-0.00702329,0.096257121,,,-0.799871786,,,,,
317.5310101,-0.798616378,10.04186083,13.49701054,-63.54928666,1,4.818094619,1.34297,-677.8675873,-656.3361635,-0.007107722,0.096824296,,,-0.798616378,,,,,
317.6161642,-0.79735616,10.04722296,13.54693745,-63.91615253,1,4.875304549,1.34297,-677.7646857,-656.2705555,-0.007193211,0.097392991,,,-0.79735616,,,,,
317.7027467,-0.796091088,10.05263356,13.5965052,-64.28379778,1,4.933205538,1.34297,-677.6599251,-656.2034335,-0.007279766,0.097963215,,,-0.796091088,,,,,
317.7907788,-0.794821114,10.05809292,13.64570876,-64.65222044,1,4.991802892,1.34297,-677.5532729,-656.134766,-0.007367395,0.098534971,,,-0.794821114,,,,,
317.8802822,-0.79354619,10.06360129,13.69454303,-65.02141826,1,5.051101893,1.34297,-677.444696,-656.0645208,-0.00745611,0.099108268,,,-0.79354619,,,,,
317.9712786,-0.792266271,10.06915893,13.74300284,-65.39138874,1,5.111107793,1.34297,-677.3341606,-655.9926653,-0.007545918,0.09968311,,,-0.792266271,,,,,
318.0637902,-0.790981308,10.07476611,13.79108298,-65.76212911,1,5.171825813,1.34297,-677.2216326,-655.9191661,-0.007636829,0.100259502,,,-0.790981308,,,,,
318.1578394,-0.789691253,10.08042308,13.83877816,-66.13363636,1,5.23326114,1.34297,-677.1070773,-655.8439893,-0.007728853,0.100837451,,,-0.789691253,,,,,
318.2534487,-0.78839606,10.08613011,13.88608303,-66.50590717,1,5.295418924,1.34297,-676.9904592,-655.7671002,-0.007821999,0.101416962,,,-0.78839606,,,,,
318.3506411,-0.787095679,10.09188745,13.93299218,-66.87893797,1,5.35830428,1.34297,-676.8717424,-655.6884638,-0.007916277,0.10199804,,,-0.787095679,,,,,
318.4494398,-0.785790063,10.09769536,13.97950013,-67.25272488,1,5.421922281,1.34297,-676.7508904,-655.6080442,-0.008011696,0.102580689,,,-0.785790063,,,,,
318.5498682,-0.784479164,10.10355408,14.02560135,-67.62726374,1,5.486277958,1.34297,-676.6278661,-655.5258049,-0.008108265,0.103164915,,,-0.784479164,,,,,
318.6519501,-0.783162932,10.10946389,14.07129021,-68.00255011,1,5.551376297,1.34297,-676.5026317,-655.4417087,-0.008205994,0.103750721,,,-0.783162932,,,,,
318.7557095,-0.781841319,10.11542503,14.11656106,-68.37857922,1,5.617222238,1.34297,-676.3751488,-655.355718,-0.008304892,0.104338113,,,-0.781841319,,,,,
318.8611708,-0.780514276,10.12143775,14.16140815,-68.755346,1,5.68382067,1.34297,-676.2453784,-655.2677942,-0.008404968,0.104927095,,,-0.780514276,,,,,
318.9683584,-0.779181754,10.12750231,14.20582567,-69.13284506,1,5.751176431,1.34297,-676.1132811,-655.177898,-0.008506232,0.10551767,,,-0.779181754,,,,,
319.0772974,-0.777843704,10.13361894,14.24980776,-69.5110707,1,5.819294305,1.34297,-675.9788163,-655.0859898,-0.008608693,0.106109842,,,-0.777843704,,,,,
319.1880128,-0.776500076,10.13978791,14.29334845,-69.89001689,1,5.888179019,1.34297,-675.8419433,-654.9920288,-0.008712361,0.106703614,,,-0.776500076,,,,,
319.3005301,-0.775150822,10.14600946,14.33644176,-70.26967726,1,5.95783524,1.34297,-675.7026205,-654.8959739,-0.008817245,0.107298991,,,-0.775150822,,,,,
319.4148752,-0.77379589,10.15228383,14.37908158,-70.6500451,1,6.028267573,1.34297,-675.5608056,-654.7977829,-0.008923353,0.107895975,,,-0.77379589,,,,,
319.5310739,-0.772435231,10.15861126,14.42126178,-71.03111335,1,6.099480558,1.34297,-675.4164556,-654.6974132,-0.009030696,0.108494569,,,-0.772435231,,,,,
319.6491527,-0.771068796,10.164992,14.46297613,-71.4128746,1,6.171478668,1.34297,-675.2695269,-654.5948211,-0.009139282,0.109094775,,,-0.771068796,,,,,
319.7691383,-0.769696533,10.17142629,14.50421833,-71.79532108,1,6.244266307,1.34297,-675.1199751,-654.4899625,-0.009249121,0.109696596,,,-0.769696533,,,,,
319.8910576,-0.768318393,10.17791437,14.54498202,-72.17844466,1,6.317847802,1.34297,-674.9677553,-654.3827922,-0.009360222,0.110300035,,,-0.768318393,,,,,
320.0149377,-0.766934326,10.18445647,14.58526076,-72.56223683,1,6.392227409,1.34297,-674.8128216,-654.2732645,-0.009472593,0.110905092,,,-0.766934326,,,,,
320.1408064,-0.76554428,10.19105283,14.62504805,-72.94668869,1,6.467409303,1.34297,-674.6551275,-654.1613327,-0.009586245,0.111511771,,,-0.76554428,,,,,
320.2686915,-0.764148205,10.19770369,14.66433729,-73.33179098,1,6.543397576,1.34297,-674.4946258,-654.0469494,-0.009701186,0.112120072,,,-0.764148205,,,,,
320.398621,-0.76274605,10.20440927,14.70312184,-73.71753402,1,6.620196238,1.34297,-674.3312684,-653.9300663,-0.009817424,0.112729996,,,-0.76274605,,,,,
320.5306236,-0.761337764,10.21116981,14.74139495,-74.10390773,1,6.69780921,1.34297,-674.1650066,-653.8106344,-0.00993497,0.113341545,,,-0.761337764,,,,,
320.6647281,-0.759923297,10.21798554,14.77914983,-74.49090166,1,6.776240322,1.34297,-673.9957909,-653.6886037,-0.010053832,0.11395472,,,-0.759923297,,,,,
320.8009635,-0.758502596,10.22485668,14.81637958,-74.87850489,1,6.855493311,1.34297,-673.8235709,-653.5639235,-0.010174018,0.11456952,,,-0.758502596,,,,,
320.9393593,-0.757075611,10.23178346,14.85307724,-75.26670613,1,6.935571817,1.34297,-673.6482954,-653.4365421,-0.010295538,0.115185946,,,-0.757075611,,,,,
321.0799452,-0.755642291,10.2387661,14.88923579,-75.65549363,1,7.016479378,1.34297,-673.4699127,-653.306407,-0.010418401,0.115803998,,,-0.755642291,,,,,
321.2227514,-0.754202582,10.24580482,14.92484809,-76.04485522,1,7.098219433,1.34297,-673.2883698,-653.1734649,-0.010542614,0.116423675,,,-0.754202582,,,,,
321.3678082,-0.752756435,10.25289985,14.95990698,-76.43477828,1,7.180795309,1.34297,-673.1036132,-653.0376613,-0.010668187,0.117044977,,,-0.752756435,,,,,
321.5151464,-0.751303798,10.26005139,14.99440516,-76.82524975,1,7.264210227,1.34297,-672.9155885,-652.8989412,-0.010795128,0.117667904,,,-0.751303798,,,,,
321.664797,-0.749844618,10.26725967,15.02833529,-77.21625609,1,7.348467292,1.34297,-672.7242405,-652.7572483,-0.010923447,0.118292453,,,-0.749844618,,,,,
321.8167914,-0.748378844,10.2745249,15.06168994,-77.60778333,1,7.433569495,1.34297,-672.529513,-652.6125256,-0.01105315,0.118918624,,,-0.748378844,,,,,
321.9711613,-0.746906423,10.28184729,15.09446161,-77.99981702,1,7.519519704,1.34297,-672.3313489,-652.4647151,-0.011184247,0.119546414,,,-0.746906423,,,,,
322.1279388,-0.745427304,10.28922705,15.12664269,-78.3923422,1,7.606320665,1.34297,-672.1296905,-652.3137578,-0.011316746,0.120175822,,,-0.745427304,,,,,
322.2871562,-0.743941435,10.29666438,15.15822551,-78.78534347,1,7.693974996,1.34297,-671.9244789,-652.1595937,-0.011450654,0.120806846,,,-0.743941435,,,,,
322.4488463,-0.742448763,10.3041595,15.18920233,-79.17880491,1,7.782485185,1.34297,-671.7156544,-652.0021618,-0.011585982,0.121439482,,,-0.742448763,,,,,
322.6130422,-0.740949237,10.31171259,15.21956529,-79.57271011,1,7.871853584,1.34297,-671.5031564,-651.8414003,-0.011722735,0.122073728,,,-0.740949237,,,,,
322.7797772,-0.739442803,10.31932387,15.24930649,-79.96704214,1,7.962082408,1.34297,-671.2869234,-651.6772462,-0.011860923,0.122709581,,,-0.739442803,,,,,
322.9490851,-0.73792941,10.32699354,15.27841791,-80.36178358,1,8.053173731,1.34297,-671.0668928,-651.5096354,-0.012000553,0.123347038,,,-0.73792941,,,,,
323.121,-0.736409005,10.33472178,15.30689148,-80.75691645,1,8.145129478,1.34297,-670.8430012,-651.338503,-0.012141633,0.123986093,,,-0.736409005,,,,,
323.2955563,-0.734881536,10.34250879,15.334719,-81.15242228,1,8.237951429,1.34297,-670.6151842,-651.1637828,-0.012284171,0.124626744,,,-0.734881536,,,,,
323.4727888,-0.73334695,10.35035477,15.36189223,-81.54828204,1,8.331641207,1.34297,-670.3833763,-650.9854077,-0.012428174,0.125268986,,,-0.73334695,,,,,
323.6527327,-0.731805195,10.35825989,15.38840281,-81.94447615,1,8.42620028,1.34297,-670.1475113,-650.8033095,-0.01257365,0.125912814,,,-0.731805195,,,,,
323.8354234,-0.730256218,10.36622436,15.41424232,-82.3409845,1,8.521629955,1.34297,-669.9075216,-650.6174188,-0.012720606,0.126558223,,,-0.730256218,,,,,
324.0208967,-0.728699966,10.37424834,15.43940224,-82.7377864,1,8.617931371,1.34297,-669.6633388,-650.4276653,-0.012869051,0.127205208,,,-0.728699966,,,,,
324.209189,-0.727136387,10.38233203,15.46387396,-83.13486059,1,8.715105502,1.34297,-669.4148935,-650.2339773,-0.01301899,0.127853763,,,-0.727136387,,,,,
324.4003366,-0.725565429,10.3904756,15.48764878,-83.53218525,1,8.813153146,1.34297,-669.1621152,-650.0362822,-0.013170431,0.128503881,,,-0.725565429,,,,,
324.5943767,-0.723987038,10.39867923,15.51071793,-83.92973797,1,8.912074925,1.34297,-668.9049323,-649.8345061,-0.01332338,0.129155558,,,-0.723987038,,,,,
324.7913463,-0.722401162,10.40694309,15.53307252,-84.32749575,1,9.011871279,1.34297,-668.6432722,-649.628574,-0.013477846,0.129808785,,,-0.722401162,,,,,
324.9912832,-0.720807748,10.41526735,15.5547036,-84.72543498,1,9.112542464,1.34297,-668.3770612,-649.4184097,-0.013633835,0.130463556,,,-0.720807748,,,,,
325.1942253,-0.719206744,10.42365219,15.57560211,-85.12353146,1,9.214088544,1.34297,-668.1062244,-649.2039359,-0.013791353,0.131119864,,,-0.719206744,,,,,
325.4002111,-0.717598097,10.43209776,15.59575891,-85.52176037,1,9.31650939,1.34297,-667.8306859,-648.9850739,-0.013950406,0.1317777,,,-0.717598097,,,,,
325.6092792,-0.715981754,10.44060424,15.61516475,-85.92009627,1,9.419804675,1.34297,-667.5503687,-648.761744,-0.014111002,0.132437057,,,-0.715981754,,,,,
325.8214689,-0.714357663,10.44917178,15.63381032,-86.31851307,1,9.52397387,1.34297,-667.2651945,-648.5338651,-0.014273146,0.133097927,,,-0.714357663,,,,,
326.0368194,-0.712725771,10.45780054,15.6516862,-86.71698409,1,9.629016237,1.34297,-666.975084,-648.3013549,-0.014436845,0.133760301,,,-0.712725771,,,,,
326.2553708,-0.711086025,10.46649067,15.66878286,-87.11548195,1,9.734930829,1.34297,-666.6799568,-648.0641299,-0.014602105,0.134424169,,,-0.711086025,,,,,
326.4771632,-0.709438373,10.47524234,15.68509071,-87.51397865,1,9.841716482,1.34297,-666.379731,-647.8221052,-0.014768931,0.135089522,,,-0.709438373,,,,,
326.7022372,-0.707782762,10.48405568,15.70060003,-87.91244552,1,9.949371812,1.34297,-666.0743239,-647.5751946,-0.01493733,0.135756351,,,-0.707782762,,,,,
326.9306339,-0.70611914,10.49293084,15.71530104,-88.31085323,1,10.05789521,1.34297,-665.7636512,-647.3233108,-0.015107306,0.136424646,,,-0.70611914,,,,,
327.1623945,-0.704447454,10.50186798,15.72918385,-88.70917176,1,10.16728484,1.34297,-665.4476278,-647.0663649,-0.015278866,0.137094395,,,-0.704447454,,,,,
327.3975608,-0.702767652,10.51086723,15.74223847,-89.10737041,1,10.27753862,1.34297,-665.126167,-646.8042669,-0.015452014,0.137765588,,,-0.702767652,,,,,
327.636175,-0.701079682,10.51992872,15.75445481,-89.5054178,1,10.38865425,1.34297,-664.799181,-646.5369251,-0.015626755,0.138438215,,,-0.701079682,,,,,
327.8782795,-0.69938349,10.5290526,15.76582269,-89.90328184,1,10.50062918,1.34297,-664.4665807,-646.2642469,-0.015803096,0.139112263,,,-0.69938349,,,,,
328.1239173,-0.697679026,10.538239,15.77633185,-90.30092973,1,10.6134606,1.34297,-664.1282758,-645.9861379,-0.01598104,0.139787721,,,-0.697679026,,,,,
328.3731316,-0.695966236,10.54748805,15.7859719,-90.69832796,1,10.72714546,1.34297,-663.7841746,-645.7025026,-0.016160592,0.140464576,,,-0.695966236,,,,,
328.6259661,-0.694245068,10.55679987,15.79473237,-91.09544229,1,10.84168044,1.34297,-663.4341841,-645.4132438,-0.016341757,0.141142815,,,-0.694245068,,,,,
328.8824648,-0.692515471,10.56617458,15.80260269,-91.49223777,1,10.95706198,1.34297,-663.0782101,-645.1182631,-0.016524539,0.141822427,,,-0.692515471,,,,,
329.1426723,-0.690777393,10.57561232,15.8095722,-91.88867869,1,11.07328624,1.34297,-662.7161569,-644.8174605,-0.016708943,0.142503397,,,-0.690777393,,,,,
329.4066334,-0.689030781,10.58511319,15.81563011,-92.28472859,1,11.1903491,1.34297,-662.3479275,-644.5107346,-0.016894971,0.143185712,,,-0.689030781,,,,,
329.6743934,-0.687275584,10.59467732,15.82076557,-92.68035029,1,11.30824618,1.34297,-661.9734235,-644.1979825,-0.017082629,0.143869358,,,-0.687275584,,,,,
329.9459978,-0.68551175,10.6043048,15.82496761,-93.07550581,1,11.4269728,1.34297,-661.5925453,-643.8790999,-0.017271919,0.144554321,,,-0.68551175,,,,,
330.2214927,-0.683739227,10.61399576,15.82822514,-93.47015643,1,11.54652403,1.34297,-661.2051915,-643.5539807,-0.017462845,0.145240585,,,-0.683739227,,,,,
330.5009247,-0.681957964,10.6237503,15.830527,-93.86426262,1,11.66689459,1.34297,-660.8112598,-643.2225176,-0.017655411,0.145928135,,,-0.681957964,,,,,
330.7843404,-0.68016791,10.63356852,15.83186192,-94.25778411,1,11.78807897,1.34297,-660.410646,-642.8846015,-0.01784962,0.146616957,,,-0.68016791,,,,,
331.0717873,-0.678369013,10.64345052,15.83221851,-94.65067981,1,11.91007131,1.34297,-660.0032446,-642.540122,-0.018045474,0.147307034,,,-0.678369013,,,,,
331.3633128,-0.676561222,10.6533964,15.8315853,-95.04290783,1,12.03286547,1.34297,-659.5889489,-642.1889668,-0.018242976,0.147998351,,,-0.676561222,,,,,
331.6589652,-0.674744486,10.66340624,15.8299507,-95.43442549,1,12.15645498,1.34297,-659.1676503,-641.8310222,-0.018442129,0.148690889,,,-0.674744486,,,,,
331.9587929,-0.672918753,10.67348015,15.82730304,-95.82518927,1,12.28083308,1.34297,-658.739239,-641.466173,-0.018642935,0.149384634,,,-0.672918753,,,,,
332.2628447,-0.671083974,10.6836182,15.82363051,-96.21515486,1,12.40599267,1.34297,-658.3036036,-641.0943021,-0.018845397,0.150079566,,,-0.671083974,,,,,
332.57117,-0.669240097,10.69382048,15.81892122,-96.6042771,1,12.53192632,1.34297,-657.8606311,-640.7152908,-0.019049516,0.15077567,,,-0.669240097,,,,,
332.8838185,-0.667387072,10.70408708,15.81316318,-96.99251,1,12.65862628,1.34297,-657.410207,-640.329019,-0.019255293,0.151472926,,,-0.667387072,,,,,
333.2008403,-0.665524849,10.71441806,15.80634428,-97.37980673,1,12.78608447,1.34297,-656.9522152,-639.9353646,-0.019462731,0.152171316,,,-0.665524849,,,,,
333.5222859,-0.663653377,10.72481351,15.79845231,-97.7661196,1,12.91429246,1.34297,-656.4865383,-639.534204,-0.019671831,0.152870822,,,-0.663653377,,,,,
333.8482064,-0.661772606,10.73527349,15.78947495,-98.15140008,1,13.04324146,1.34297,-656.0130568,-639.1254117,-0.019882594,0.153571425,,,-0.661772606,,,,,
334.178653,-0.659882486,10.74579808,15.77939978,-98.53559876,1,13.17292236,1.34297,-655.53165,-638.7088607,-0.020095021,0.154273104,,,-0.659882486,,,,,
334.5136776,-0.657982967,10.75638733,15.76821427,-98.91866535,1,13.30332568,1.34297,-655.0421955,-638.2844222,-0.020309113,0.154975841,,,-0.657982967,,,,,
334.8533324,-0.656074001,10.76704131,15.75590578,-99.30054871,1,13.43444156,1.34297,-654.544569,-637.8519654,-0.020524869,0.155679615,,,-0.656074001,,,,,
335.1976701,-0.654155536,10.77776008,15.74246157,-99.6811968,1,13.5662598,1.34297,-654.0386449,-637.411358,-0.020742291,0.156384406,,,-0.654155536,,,,,
335.5467437,-0.652227525,10.78854368,15.72786879,-100.0605567,1,13.69876981,1.34297,-653.5242958,-636.9624658,-0.020961378,0.157090193,,,-0.652227525,,,,,
335.9006067,-0.650289917,10.79939218,15.71211448,-100.4385745,1,13.83196064,1.34297,-653.0013923,-636.5051527,-0.02118213,0.157796954,,,-0.650289917,,,,,
336.2593131,-0.648342665,10.81030562,15.69518557,-100.8151956,1,13.96582095,1.34297,-652.4698038,-636.0392809,-0.021404548,0.158504669,,,-0.648342665,,,,,
336.6229172,-0.646385718,10.82128405,15.67706887,-101.1903642,1,14.100339,1.34297,-651.9293976,-635.5647107,-0.021628629,0.159213315,,,-0.646385718,,,,,
336.9914738,-0.64441903,10.8323275,15.65775111,-101.5640238,1,14.23550269,1.34297,-651.3800394,-635.0813005,-0.021854374,0.159922869,,,-0.64441903,,,,,
337.3650382,-0.642442551,10.84343602,15.63721889,-101.936117,1,14.37129949,1.34297,-650.8215931,-634.5889068,-0.02208178,0.160633311,,,-0.642442551,,,,,
337.7436659,-0.640456233,10.85460964,15.61545871,-102.3065852,1,14.50771648,1.34297,-650.2539208,-634.0873843,-0.022310848,0.161344615,,,-0.640456233,,,,,
338.1274131,-0.638460029,10.86584839,15.59245694,-102.6753691,1,14.64474035,1.34297,-649.6768828,-633.5765858,-0.022541575,0.162056761,,,-0.638460029,,,,,
338.5163363,-0.63645389,10.87715231,15.56819987,-103.0424085,1,14.78235735,1.34297,-649.0903378,-633.0563619,-0.02277396,0.162769723,,,-0.63645389,,,,,
338.9104924,-0.634437769,10.8885214,15.54267365,-103.407642,1,14.92055332,1.34297,-648.4941423,-632.5265615,-0.023008,0.163483478,,,-0.634437769,,,,,
339.309939,-0.632411619,10.89995571,15.51586434,-103.7710074,1,15.0593137,1.34297,-647.8881511,-631.9870314,-0.023243694,0.164198001,,,-0.632411619,,,,,
339.7147338,-0.630375393,10.91145524,15.48775789,-104.1324416,1,15.19862348,1.34297,-647.2722173,-631.4376166,-0.023481038,0.164913269,,,-0.630375393,,,,,
340.1249351,-0.628329043,10.92302001,15.45834011,-104.4918805,1,15.33846721,1.34297,-646.6461919,-630.8781599,-0.02372003,0.165629256,,,-0.628329043,,,,,
340.5406017,-0.626272524,10.93465003,15.42759675,-104.8492588,1,15.47882904,1.34297,-646.0099242,-630.3085021,-0.023960668,0.166345938,,,-0.626272524,,,,,
340.9617928,-0.624205789,10.94634531,15.39551339,-105.2045106,1,15.61969264,1.34297,-645.3632612,-629.728482,-0.024202947,0.167063288,,,-0.624205789,,,,,
341.3885679,-0.622128792,10.95810586,15.36207554,-105.5575687,1,15.76104124,1.34297,-644.7060485,-629.1379364,-0.024446864,0.167781281,,,-0.622128792,,,,,
341.8209872,-0.620041487,10.96993167,15.32726858,-105.9083651,1,15.90285765,1.34297,-644.0381292,-628.5366999,-0.024692416,0.168499891,,,-0.620041487,,,,,
342.2591113,-0.617943828,10.98182274,15.29107779,-106.2568308,1,16.04512418,1.34297,-643.3593449,-627.9246052,-0.024939599,0.169219091,,,-0.617943828,,,,,
342.7030011,-0.615835769,10.99377908,15.25348832,-106.6028956,1,16.1878227,1.34297,-642.6695349,-627.3014826,-0.025188408,0.169938855,,,-0.615835769,,,,,
343.152718,-0.613717267,11.00580066,15.21448522,-106.9464885,1,16.33093462,1.34297,-641.9685366,-626.6671605,-0.02543884,0.170659156,,,-0.613717267,,,,,
343.6083239,-0.611588276,11.01788748,15.17405344,-107.2875374,1,16.47444086,1.34297,-641.2561853,-626.0214651,-0.025690888,0.171379966,,,-0.611588276,,,,,
344.0698813,-0.609448751,11.03003952,15.13217778,-107.6259693,1,16.61832188,1.34297,-640.5323145,-625.3642204,-0.025944549,0.172101258,,,-0.609448751,,,,,
344.5374529,-0.607298648,11.04225676,15.08884297,-107.9617101,1,16.76255767,1.34297,-639.7967553,-624.6952484,-0.026199817,0.172823005,,,-0.607298648,,,,,
345.011102,-0.605137923,11.05453919,15.04403359,-108.2946846,1,16.90712769,1.34297,-639.0493368,-624.0143686,-0.026456686,0.173545178,,,-0.605137923,,,,,
345.4908923,-0.602966532,11.06688676,14.99773413,-108.6248167,1,17.05201097,1.34297,-638.2898863,-623.3213985,-0.026715151,0.174267749,,,-0.602966532,,,,,
345.9768881,-0.600784432,11.07929946,14.94992897,-108.9520293,1,17.19718601,1.34297,-637.5182286,-622.6161534,-0.026975207,0.174990688,,,-0.600784432,,,,,
346.4691539,-0.59859158,11.09177726,14.90060237,-109.2762441,1,17.34263081,1.34297,-636.7341865,-621.8984463,-0.027236846,0.175713969,,,-0.59859158,,,,,
346.967755,-0.596387932,11.1043201,14.84973846,-109.5973818,1,17.48832288,1.34297,-635.9375808,-621.1680878,-0.027500062,0.17643756,,,-0.596387932,,,,,
347.472757,-0.594173446,11.11692797,14.79732128,-109.9153623,1,17.63423923,1.34297,-635.12823,-620.4248865,-0.027764849,0.177161434,,,-0.594173446,,,,,
347.9842258,-0.59194808,11.1296008,14.74333476,-110.2301042,1,17.78035635,1.34297,-634.3059502,-619.6686485,-0.028031199,0.177885559,,,-0.59194808,,,,,
348.5022281,-0.589711792,11.14233856,14.6877627,-110.5415251,1,17.9266502,1.34297,-633.4705558,-618.8991775,-0.028299106,0.178609908,,,-0.589711792,,,,,
349.0268309,-0.58746454,11.1551412,14.63058879,-110.8495416,1,18.07309626,1.34297,-632.6218585,-618.1162753,-0.028568561,0.179334449,,,-0.58746454,,,,,
349.5581017,-0.585206282,11.16800866,14.57179661,-111.1540693,1,18.21966944,1.34297,-631.759668,-617.3197409,-0.028839558,0.180059152,,,-0.585206282,,,,,
350.0961083,-0.582936979,11.18094089,14.51136965,-111.4550226,1,18.36634416,1.34297,-630.8837916,-616.5093712,-0.029112088,0.180783988,,,-0.582936979,,,,,
350.6409194,-0.580656588,11.19393782,14.44929124,-111.752315,1,18.51309429,1.34297,-629.9940346,-615.6849606,-0.029386142,0.181508924,,,-0.580656588,,,,,
351.1926037,-0.578365069,11.20699939,14.38554464,-112.0458588,1,18.65989318,1.34297,-629.0901996,-614.8463012,-0.029661713,0.182233932,,,-0.578365069,,,,,
351.7512307,-0.576062384,11.22012553,14.32011299,-112.3355655,1,18.80671363,1.34297,-628.1720872,-613.9931826,-0.029938792,0.182958978,,,-0.576062384,,,,,
352.3168703,-0.573748491,11.23331618,14.25297929,-112.6213452,1,18.95352791,1.34297,-627.2394956,-613.1253922,-0.03021737,0.183684034,,,-0.573748491,,,,,
352.8895929,-0.571423351,11.24657125,14.18412647,-112.9031071,1,19.10030772,1.34297,-626.2922206,-612.2427147,-0.030497437,0.184409066,,,-0.571423351,,,,,
353.4694693,-0.569086926,11.25989068,14.11353731,-113.1807595,1,19.24702425,1.34297,-625.3300556,-611.3449324,-0.030778985,0.185134044,,,-0.569086926,,,,,
354.0565709,-0.566739176,11.27327437,14.0411945,-113.4542093,1,19.39364812,1.34297,-624.3527917,-610.4318254,-0.031062003,0.185858936,,,-0.566739176,,,,,
354.6509695,-0.564380064,11.28672225,13.96708063,-113.7233627,1,19.54014938,1.34297,-623.3602175,-609.5031709,-0.031346481,0.18658371,,,-0.564380064,,,,,
355.2527374,-0.562009551,11.30023422,13.89117814,-113.9881245,1,19.68649756,1.34297,-622.3521195,-608.558744,-0.03163241,0.187308334,,,-0.562009551,,,,,
355.8619475,-0.559627599,11.3138102,13.81346941,-114.2483988,1,19.83266159,1.34297,-621.3282812,-607.598317,-0.031919779,0.188032777,,,-0.559627599,,,,,
356.4786731,-0.557234172,11.32745009,13.73393667,-114.5040884,1,19.97860987,1.34297,-620.2884842,-606.62166,-0.032208578,0.188757006,,,-0.557234172,,,,,
357.1029879,-0.554829233,11.34115378,13.65256205,-114.755095,1,20.12431023,1.34297,-619.2325073,-605.6285401,-0.032498795,0.189480989,,,-0.554829233,,,,,
357.7349663,-0.552412744,11.35492119,13.56932759,-115.0013194,1,20.26972991,1.34297,-618.1601269,-604.6187223,-0.03279042,0.190204695,,,-0.552412744,,,,,
358.3746831,-0.549984671,11.36875219,13.4842152,-115.2426614,1,20.41483561,1.34297,-617.0711169,-603.5919688,-0.033083441,0.190928089,,,-0.549984671,,,,,
359.0222137,-0.547544977,11.38264669,13.39720669,-115.4790195,1,20.55959344,1.34297,-615.9652488,-602.5480394,-0.033377846,0.191651141,,,-0.547544977,,,,,
359.6776337,-0.545093627,11.39660457,13.30828375,-115.7102913,1,20.70396894,1.34297,-614.8422913,-601.4866911,-0.033673625,0.192373818,,,-0.545093627,,,,,
360.3410196,-0.542630585,11.41062571,13.21742799,-115.9363735,1,20.8479271,1.34297,-613.7020107,-600.4076784,-0.033970766,0.193096087,,,-0.542630585,,,,,
361.0124482,-0.540155818,11.42470999,13.12462089,-116.1571615,1,20.99143229,1.34297,-612.5441708,-599.3107532,-0.034269255,0.193817916,,,-0.540155818,,,,,
361.6919968,-0.537669291,11.43885729,13.02984383,-116.3725497,1,21.13444833,1.34297,-611.3685327,-598.1956649,-0.034569081,0.194539273,,,-0.537669291,,,,,
362.3797432,-0.535170971,11.45306748,12.93307809,-116.5824317,1,21.27693847,1.34297,-610.1748549,-597.06216,-0.034870232,0.195260125,,,-0.535170971,,,,,
363.0757658,-0.532660824,11.46734043,12.83430484,-116.7866999,1,21.41886536,1.34297,-608.9628933,-595.9099826,-0.035172694,0.195980439,,,-0.532660824,,,,,
363.7801436,-0.530138817,11.48167601,12.73350514,-116.9852456,1,21.56019109,1.34297,-607.7324012,-594.7388741,-0.035476455,0.196700183,,,-0.530138817,,,,,
364.4929557,-0.527604918,11.49607407,12.63065995,-117.1779592,1,21.70087714,1.34297,-606.4831293,-593.548573,-0.035781502,0.197419326,,,-0.527604918,,,,,
365.2142823,-0.525059094,11.51053449,12.52575015,-117.3647301,1,21.84088445,1.34297,-605.2148255,-592.3388155,-0.036087821,0.198137834,,,-0.525059094,,,,,
365.9442037,-0.522501315,11.5250571,12.41875648,-117.5454467,1,21.98017334,1.34297,-603.9272351,-591.1093349,-0.0363954,0.198855677,,,-0.522501315,,,,,
366.6828008,-0.519931549,11.53964177,12.3096596,-117.7199962,1,22.11870358,1.34297,-602.6201006,-589.8598618,-0.036704225,0.19957282,,,-0.519931549,,,,,
367.4301551,-0.517349765,11.55428833,12.19844008,-117.8882652,1,22.25643435,1.34297,-601.2931619,-588.5901242,-0.037014281,0.200289234,,,-0.517349765,,,,,
368.1863486,-0.514755932,11.56899664,12.08507837,-118.0501389,1,22.39332424,1.34297,-599.9461562,-587.2998472,-0.037325557,0.201004886,,,-0.514755932,,,,,
368.9514639,-0.512150023,11.58376654,11.96955483,-118.2055019,1,22.52933128,1.34297,-598.5788178,-585.9887536,-0.037638036,0.201719745,,,-0.512150023,,,,,
369.7255839,-0.509532005,11.59859785,11.85184973,-118.3542375,1,22.66441292,1.34297,-597.1908785,-584.6565629,-0.037951706,0.202433779,,,-0.509532005,,,,,
370.5087923,-0.506901852,11.61349042,11.73194323,-118.4962283,1,22.79852603,1.34297,-595.782067,-583.3029924,-0.038266553,0.203146958,,,-0.506901852,,,,,
371.3011732,-0.504259534,11.62844407,11.6098154,-118.6313558,1,22.9316269,1.34297,-594.3521096,-581.9277563,-0.038582562,0.20385925,,,-0.504259534,,,,,
372.1028112,-0.501605024,11.64345863,11.48544623,-118.7595007,1,23.06367126,1.34297,-592.9007293,-580.5305663,-0.038899718,0.204570625,,,-0.501605024,,,,,
372.9137915,-0.498938294,11.65853392,11.3588156,-118.8805427,1,23.19461428,1.34297,-591.4276469,-579.1111312,-0.039218008,0.205281053,,,-0.498938294,,,,,
373.7341998,-0.496259317,11.67366975,11.2299033,-118.9943606,1,23.32441056,1.34297,-589.9325798,-577.6691572,-0.039537417,0.205990504,,,-0.496259317,,,,,
374.5641225,-0.493568066,11.68886595,11.09868903,-119.1008322,1,23.45301411,1.34297,-588.415243,-576.2043476,-0.039857931,0.206698948,,,-0.493568066,,,,,
375.4036462,-0.490864516,11.70412232,10.96515242,-119.1998347,1,23.58037843,1.34297,-586.8753485,-574.7164031,-0.040179535,0.207406356,,,-0.490864516,,,,,
376.2528584,-0.488148642,11.71943866,10.82927299,-119.2912442,1,23.70645643,1.34297,-585.3126053,-573.2050214,-0.040502214,0.208112699,,,-0.488148642,,,,,
377.111847,-0.485420417,11.73481479,10.69103018,-119.374936,1,23.83120049,1.34297,-583.7267197,-571.6698977,-0.040825954,0.20881795,,,-0.485420417,,,,,
377.9807004,-0.482679818,11.7502505,10.55040335,-119.4507846,1,23.95456242,1.34297,-582.1173951,-570.1107244,-0.041150741,0.20952208,,,-0.482679818,,,,,
378.8595076,-0.479926822,11.76574558,10.40737178,-119.5186636,1,24.07649353,1.34297,-580.484332,-568.527191,-0.041476561,0.210225061,,,-0.479926822,,,,,
379.7483581,-0.477161403,11.78129983,10.26191466,-119.5784459,1,24.19694455,1.34297,-578.8272279,-566.9189844,-0.041803397,0.210926868,,,-0.477161403,,,,,
380.6473421,-0.47438354,11.79691303,10.1140111,-119.6300036,1,24.31586573,1.34297,-577.1457776,-565.2857887,-0.042131237,0.211627474,,,-0.47438354,,,,,
381.5565502,-0.471593211,11.81258496,9.963640135,-119.673208,1,24.43320675,1.34297,-575.4396726,-563.6272852,-0.042460066,0.212326854,,,-0.471593211,,,,,
382.4760736,-0.468790393,11.82831541,9.810780733,-119.7079297,1,24.54891681,1.34297,-573.708602,-561.9431524,-0.042789871,0.213024982,,,-0.468790393,,,,,
383.4060041,-0.465975066,11.84410415,9.655411776,-119.7340385,1,24.66294459,1.34297,-571.9522515,-560.2330663,-0.043120636,0.213721834,,,-0.465975066,,,,,
384.3464341,-0.463147209,11.85995096,9.497512079,-119.7514035,1,24.77523827,1.34297,-570.170304,-558.4966999,-0.043452348,0.214417388,,,-0.463147209,,,,,
385.2974565,-0.460306801,11.87585559,9.337060387,-119.7598933,1,24.88574555,1.34297,-568.3624397,-556.7337237,-0.043784993,0.21511162,,,-0.460306801,,,,,
386.2591647,-0.457453824,11.89181781,9.174035375,-119.7593756,1,24.99441363,1.34297,-566.5283353,-554.9438052,-0.044118559,0.215804509,,,-0.457453824,,,,,
387.2316528,-0.454588258,11.90783739,9.008415653,-119.7497177,1,25.10118925,1.34297,-564.6676651,-553.1266095,-0.044453031,0.216496035,,,-0.454588258,,,,,
388.2150153,-0.451710086,11.92391407,8.84017977,-119.7307861,1,25.20601868,1.34297,-562.7801001,-551.2817987,-0.044788397,0.217186177,,,-0.451710086,,,,,
389.2093476,-0.448819289,11.94004761,8.669306211,-119.7024469,1,25.30884776,1.34297,-560.8653083,-549.4090324,-0.045124645,0.217874916,,,-0.448819289,,,,,
390.2147453,-0.44591585,11.95623775,8.495773403,-119.6645655,1,25.40962186,1.34297,-558.9229549,-547.5079675,-0.045461761,0.218562236,,,-0.44591585,,,,,
391.2313047,-0.442999754,11.97248423,8.319559716,-119.6170068,1,25.50828594,1.34297,-556.952702,-545.5782583,-0.045799735,0.219248119,,,-0.442999754,,,,,
392.2591228,-0.440070983,11.9887868,8.140643468,-119.5596354,1,25.60478455,1.34297,-554.9542088,-543.6195561,-0.046138554,0.21993255,,,-0.440070983,,,,,
393.2982972,-0.437129524,12.00514518,7.959002926,-119.4923152,1,25.69906182,1.34297,-552.9271314,-541.63151,-0.046478207,0.220615516,,,-0.437129524,,,,,
394.3489258,-0.434175362,12.02155911,7.774616307,-119.4149098,1,25.7910615,1.34297,-550.8711229,-539.6137662,-0.046818685,0.221297004,,,-0.434175362,,,,,
395.4111073,-0.431208482,12.0380283,7.587461785,-119.3272825,1,25.88072698,1.34297,-548.7858334,-537.5659685,-0.047159976,0.221977003,,,-0.431208482,,,,,
396.484941,-0.428228872,12.05455249,7.397517489,-119.2292961,1,25.96800128,1.34297,-546.6709103,-535.4877579,-0.047502073,0.222655503,,,-0.428228872,,,,,
397.5705267,-0.425236519,12.07113138,7.204761512,-119.120813,1,26.05282707,1.34297,-544.5259976,-533.3787729,-0.047844965,0.223332497,,,-0.425236519,,,,,
398.6679649,-0.422231411,12.08776469,7.009171908,-119.0016956,1,26.13514673,1.34297,-542.3507365,-531.2386497,-0.048188644,0.224007978,,,-0.422231411,,,,,
399.7773566,-0.419213537,12.10445212,6.8107267,-118.8718059,1,26.21490229,1.34297,-540.1447652,-529.0670217,-0.048533104,0.224681942,,,-0.419213537,,,,,
400.8988035,-0.416182887,12.12119338,6.609403882,-118.7310057,1,26.29203553,1.34297,-537.9077188,-526.86352,-0.048878338,0.225354387,,,-0.416182887,,,,,
402.0324076,-0.413139451,12.13798816,6.40518142,-118.5791567,1,26.36648793,1.34297,-535.6392297,-524.627773,-0.049224341,0.226025313,,,-0.413139451,,,,,
403.1782719,-0.41008322,12.15483615,6.198037261,-118.4161205,1,26.43820077,1.34297,-533.3389271,-522.359407,-0.049571107,0.226694722,,,-0.41008322,,,,,
404.3364998,-0.407014186,12.17173704,5.987949331,-118.2417586,1,26.50711506,1.34297,-531.0064372,-520.0580457,-0.049918632,0.227362618,,,-0.407014186,,,,,
405.5071953,-0.403932341,12.18869052,5.774895543,-118.0559324,1,26.57317163,1.34297,-528.6413833,-517.7233104,-0.050266915,0.228029007,,,-0.403932341,,,,,
406.690463,-0.400837679,12.20569626,5.558853798,-117.8585036,1,26.63631113,1.34297,-526.2433858,-515.3548203,-0.050615954,0.2286939,,,-0.400837679,,,,,
407.8864082,-0.397730193,12.22275393,5.339801993,-117.6493337,1,26.69647405,1.34297,-523.8120622,-512.9521922,-0.050965749,0.229357308,,,-0.397730193,,,,,
409.0951367,-0.394609879,12.23986321,5.117718022,-117.4282846,1,26.75360078,1.34297,-521.3470269,-510.5150405,-0.051316301,0.230019246,,,-0.394609879,,,,,
410.316755,-0.391476732,12.25702374,4.89257978,-117.1952182,1,26.80763157,1.34297,-518.8478914,-508.0429776,-0.051667612,0.230679733,,,-0.391476732,,,,,
411.5513702,-0.388330749,12.2742352,4.664365173,-116.9499968,1,26.85850662,1.34297,-516.3142645,-505.5356137,-0.052019687,0.231338789,,,-0.388330749,,,,,
412.79909,-0.385171926,12.29149723,4.433052115,-116.6924829,1,26.9061661,1.34297,-513.7457519,-502.9925569,-0.052372533,0.231996441,,,-0.385171926,,,,,
414.0600226,-0.382000263,12.30880948,4.198618539,-116.4225395,1,26.95055014,1.34297,-511.1419565,-500.4134132,-0.052726155,0.232652716,,,-0.382000263,,,,,
415.3342771,-0.378815757,12.32617158,3.961042399,-116.1400301,1,26.99159893,1.34297,-508.5024784,-497.7977866,-0.053080565,0.233307647,,,-0.378815757,,,,,
416.6219629,-0.37561841,12.34358318,3.720301678,-115.8448184,1,27.02925269,1.34297,-505.8269147,-495.1452791,-0.053435774,0.23396127,,,-0.37561841,,,,,
417.9231902,-0.372408221,12.3610439,3.47637439,-115.536769,1,27.06345172,1.34297,-503.1148599,-492.4554909,-0.053791796,0.234613627,,,-0.372408221,,,,,
419.2380699,-0.369185192,12.37855336,3.229238588,-115.2157471,1,27.09413648,1.34297,-500.3659056,-489.7280205,-0.054148646,0.235264764,,,-0.369185192,,,,,
420.5667134,-0.365949326,12.39611119,2.978872371,-114.8816186,1,27.12124758,1.34297,-497.5796405,-486.9624642,-0.054506345,0.235914731,,,-0.365949326,,,,,
421.9092327,-0.362700626,12.41371699,2.725253884,-114.5342502,1,27.14472584,1.34297,-494.7556509,-484.1584171,-0.054864913,0.236563584,,,-0.362700626,,,,,
423.2657406,-0.359439098,12.43137037,2.468361335,-114.1735094,1,27.16451231,1.34297,-491.89352,-481.3154724,-0.055224375,0.237211384,,,-0.359439098,,,,,
424.6363503,-0.356164745,12.44907093,2.208172989,-113.7992649,1,27.18054837,1.34297,-488.9928286,-478.4332218,-0.055584759,0.2378582,,,-0.356164745,,,,,
426.0211758,-0.352877575,12.46681827,1.944667185,-113.4113862,1,27.1927757,1.34297,-486.0531548,-475.5112555,-0.055946094,0.238504105,,,-0.352877575,,,,,
427.4203318,-0.349577596,12.48461196,1.677822339,-113.0097443,1,27.20113638,1.34297,-483.074074,-472.5491623,-0.056308417,0.239149179,,,-0.349577596,,,,,
428.8339335,-0.346264814,12.50245159,1.407616948,-112.5942111,1,27.20557293,1.34297,-480.055159,-469.5465299,-0.056671765,0.239793511,,,-0.346264814,,,,,
430.2620967,-0.342939241,12.52033673,1.134029603,-112.16466,1,27.20602835,1.34297,-476.9959803,-466.5029444,-0.057036179,0.240437196,,,-0.342939241,,,,,
431.704938,-0.339600887,12.53826694,0.857038995,-111.7209658,1,27.20244618,1.34297,-473.8961056,-463.4179912,-0.057401709,0.241080338,,,-0.339600887,,,,,
433.1625746,-0.336249763,12.5562418,0.576623921,-111.263005,1,27.19477055,1.34297,-470.7551003,-460.2912544,-0.057768403,0.241723048,,,-0.336249763,,,,,
434.6351243,-0.332885882,12.57426084,0.292763294,-110.7906556,1,27.18294626,1.34297,-467.5725275,-457.1223173,-0.05813632,0.242365449,,,-0.332885882,,,,,
436.1227055,-0.329509258,12.59232361,0.005436153,-110.3037974,1,27.16691881,1.34297,-464.3479477,-453.9107624,-0.058505521,0.243007671,,,-0.329509258,,,,,
437.6254373,-0.326119906,12.61042966,-0.285378331,-109.8023121,1,27.14663448,1.34297,-461.0809194,-450.6561713,-0.058876074,0.243649858,,,-0.326119906,,,,,
439.1434396,-0.322717843,12.6285785,-0.579700844,-109.2860834,1,27.12204041,1.34297,-457.7709985,-447.3581254,-0.059248053,0.244292162,,,-0.322717843,,,,,
440.6768328,-0.319303085,12.64676967,-0.877551919,-108.7549973,1,27.09308463,1.34297,-454.4177391,-444.0162053,-0.059621538,0.244934748,,,-0.319303085,,,,,
442.2257379,-0.315875653,12.66500266,-1.178951927,-108.2089418,1,27.05971619,1.34297,-451.0206929,-440.6299915,-0.059996618,0.245577795,,,-0.315875653,,,,,
443.7902766,-0.312435565,12.683277,-1.483921066,-107.6478075,1,27.02188517,1.34297,-447.5794097,-437.1990643,-0.060373388,0.246221496,,,-0.312435565,,,,,
445.3705714,-0.308982844,12.70159218,-1.792479349,-107.0714875,1,26.97954281,1.34297,-444.0934371,-433.7230038,-0.060751951,0.246866056,,,-0.308982844,,,,,
446.9667453,-0.305517511,12.71994768,-2.104646597,-106.4798775,1,26.93264158,1.34297,-440.5623212,-430.2013904,-0.061132422,0.2475117,,,-0.305517511,,,,,
448.5789221,-0.302039591,12.73834298,-2.42044242,-105.8728762,1,26.88113524,1.34297,-436.9856057,-426.6338046,-0.061514922,0.248158667,,,-0.302039591,,,,,
450.207226,-0.29854911,12.75677757,-2.739886213,-105.2503852,1,26.82497895,1.34297,-433.3628331,-423.0198276,-0.061899584,0.248807215,,,-0.29854911,,,,,
451.8517822,-0.295046094,12.77525088,-3.062997137,-104.6123094,1,26.76412939,1.34297,-429.6935439,-419.3590409,-0.062286552,0.249457623,,,-0.295046094,,,,,
453.5127163,-0.291530572,12.79376239,-3.389794109,-103.9585569,1,26.6985448,1.34297,-425.9772772,-415.6510269,-0.062675984,0.250110189,,,-0.291530572,,,,,
455.1901548,-0.288002573,12.81231152,-3.720295788,-103.2890394,1,26.62818514,1.34297,-422.2135704,-411.8953692,-0.063068047,0.250765236,,,-0.288002573,,,,,
456.8842246,-0.284462129,12.83089771,-4.054520561,-102.6036724,1,26.55301214,1.34297,-418.4019597,-408.0916521,-0.063462925,0.25142311,,,-0.284462129,,,,,
458.5950534,-0.280909273,12.84952039,-4.392486524,-101.9023751,1,26.47298947,1.34297,-414.5419802,-404.2394618,-0.063860817,0.252084185,,,-0.280909273,,,,,
460.3227697,-0.27734404,12.86817895,-4.734211473,-101.1850711,1,26.38808281,1.34297,-410.6331654,-400.3383857,-0.064261938,0.252748861,,,-0.27734404,,,,,
462.0675024,-0.273766466,12.88687281,-5.079712884,-100.451688,1,26.29826002,1.34297,-406.6750482,-396.3880134,-0.06466652,0.253417572,,,-0.273766466,,,,,
463.8293814,-0.270176589,12.90560135,-5.429007897,-99.70215834,1,26.20349122,1.34297,-402.6671603,-392.3879361,-0.065074816,0.254090784,,,-0.270176589,,,,,
465.6085369,-0.266574449,12.92436394,-5.782113296,-98.93641908,1,26.10374893,1.34297,-398.6090328,-388.3377478,-0.065487098,0.254768998,,,-0.266574449,,,,,
467.4051001,-0.262960088,12.94315995,-6.139045494,-98.15441241,1,25.99900827,1.34297,-394.500196,-384.2370448,-0.065903664,0.255452757,,,-0.262960088,,,,,
469.2192026,-0.259333549,12.96198873,-6.499820514,-97.35608574,1,25.88924704,1.34297,-390.3401798,-380.0854263,-0.066324832,0.256142643,,,-0.259333549,,,,,
471.050977,-0.255694879,12.98084962,-6.864453964,-96.54139205,1,25.77444589,1.34297,-386.1285139,-375.8824948,-0.066750952,0.256839287,,,-0.255694879,,,,,
472.9005563,-0.252044123,12.99974194,-7.23296102,-95.71029011,1,25.65458851,1.34297,-381.8647276,-371.6278561,-0.067182399,0.257543369,,,-0.252044123,,,,,
474.7680742,-0.248381333,13.018665,-7.605356404,-94.86274483,1,25.52966179,1.34297,-377.5483503,-367.3211199,-0.067619582,0.258255623,,,-0.248381333,,,,,
476.6536652,-0.24470656,13.03761811,-7.981654358,-93.99872751,1,25.39965598,1.34297,-373.1789116,-362.9618999,-0.068062946,0.258976844,,,-0.24470656,,,,,
478.5574645,-0.241019858,13.05660053,-8.361868623,-93.11821621,1,25.2645649,1.34297,-368.7559414,-358.5498145,-0.06851297,0.259707891,,,-0.241019858,,,,,
480.4796077,-0.237321283,13.07561155,-8.746012408,-92.22119604,1,25.12438614,1.34297,-364.2789703,-354.0844867,-0.06897018,0.260449694,,,-0.237321283,,,,,
482.4202314,-0.233610893,13.09465041,-9.134098371,-91.30765953,1,24.97912125,1.34297,-359.7475297,-349.5655449,-0.069435143,0.261203259,,,-0.233610893,,,,,
484.3794728,-0.229888751,13.11371634,-9.526138584,-90.377607,1,24.82877599,1.34297,-355.1611518,-344.9926233,-0.069908479,0.26196968,,,-0.229888751,,,,,
486.3574695,-0.22615492,13.13280856,-9.922144505,-89.43104695,1,24.67336054,1.34297,-350.5193704,-340.3653619,-0.070390862,0.262750141,,,-0.22615492,,,,,
488.3543603,-0.222409465,13.15192626,-10.32212695,-88.46799645,1,24.51288974,1.34297,-345.8217205,-335.6834075,-0.070883025,0.263545932,,,-0.222409465,,,,,
490.3702841,-0.218652456,13.17106864,-10.72609605,-87.48848159,1,24.3473834,1.34297,-341.0677392,-330.946414,-0.071385771,0.264358452,,,-0.218652456,,,,,
492.4053809,-0.214883965,13.19023484,-11.13406124,-86.49253794,1,24.1768665,1.34297,-336.2569654,-326.1540429,-0.071899972,0.265189225,,,-0.214883965,,,,,
494.4597912,-0.211104067,13.20942401,-11.54603118,-85.48021098,1,24.00136955,1.34297,-331.3889406,-321.3059636,-0.072426586,0.266039914,,,-0.211104067,,,,,
496.5336562,-0.207312839,13.22863527,-11.96201376,-84.45155666,1,23.82092885,1.34297,-326.463209,-316.4018547,-0.072966657,0.266912331,,,-0.207312839,,,,,
498.6271178,-0.203510363,13.24786771,-12.38201604,-83.40664192,1,23.63558685,1.34297,-321.4793176,-311.4414037,-0.07352133,0.267808457,,,-0.203510363,,,,,
500.7403185,-0.199696723,13.2671204,-12.80604419,-82.34554523,1,23.44539246,1.34297,-316.4368172,-306.4243085,-0.07409186,0.26873046,,,-0.199696723,,,,,
502.8734016,-0.195872007,13.2863924,-13.23410347,-81.26835722,1,23.25040148,1.34297,-311.3352621,-301.3502774,-0.074679628,0.269680712,,,-0.195872007,,,,,
505.0265108,-0.192036306,13.30568273,-13.66619817,-80.17518129,1,23.05067692,1.34297,-306.174211,-296.2190304,-0.075286148,0.270661818,,,-0.192036306,,,,,
507.1997908,-0.188189715,13.32499039,-14.10233157,-79.06613433,1,22.84628947,1.34297,-300.9532273,-291.0302997,-0.07591309,0.271676641,,,-0.188189715,,,,,
509.3933868,-0.184332335,13.34431433,-14.54250583,-77.94134737,1,22.63731793,1.34297,-295.6718793,-285.7838306,-0.076562296,0.272728332,,,-0.184332335,,,,,
511.6074447,-0.180464268,13.36365351,-14.98672201,-76.80096643,1,22.42384969,1.34297,-290.3297412,-280.4793824,-0.0772358,0.273820363,,,-0.180464268,,,,,
513.8421109,-0.176585622,13.38300683,-15.43497996,-75.64515326,1,22.20598121,1.34297,-284.9263934,-275.1167295,-0.077935852,0.274956573,,,-0.176585622,,,,,
516.0975328,-0.17269651,13.40237317,-15.88727823,-74.47408626,1,21.98381864,1.34297,-279.461423,-269.6956624,-0.078664949,0.276141209,,,-0.17269651,,,,,
518.3738581,-0.168797049,13.42175136,-16.34361405,-73.28796144,1,21.75747833,1.34297,-273.9344244,-264.2159884,-0.079425864,0.27737898,,,-0.168797049,,,,,
520.6712354,-0.16488736,13.44114022,-16.80398322,-72.08699335,1,21.5270875,1.34297,-268.3450003,-258.6775336,-0.080221683,0.278675122,,,-0.16488736,,,,,
522.9898138,-0.160967573,13.4605385,-17.26838002,-70.87141622,1,21.29278492,1.34297,-262.6927622,-253.0801435,-0.081055849,0.280035467,,,-0.160967573,,,,,
525.3297432,-0.15703782,13.47994492,-17.73679712,-69.64148512,1,21.05472162,1.34297,-256.9773309,-247.4236847,-0.081932214,0.281466527,,,-0.15703782,,,,,
527.6911738,-0.15309824,13.49935818,-18.20922551,-68.3974772,1,20.81306173,1.34297,-251.1983379,-241.7080463,-0.082855093,0.282975591,,,-0.15309824,,,,,
530.0742569,-0.149148979,13.51877691,-18.68565436,-67.13969303,1,20.56798327,1.34297,-245.3554261,-235.9331418,-0.083829339,0.284570843,,,-0.149148979,,,,,
532.4791442,-0.14519019,13.53819968,-19.16607088,-65.86845812,1,20.31967916,1.34297,-239.4482506,-230.0989103,-0.08486042,0.286261495,,,-0.14519019,,,,,
534.9059879,-0.141222031,13.55762503,-19.65046026,-64.58412446,1,20.06835817,1.34297,-233.47648,-224.2053192,-0.085954517,0.288057949,,,-0.141222031,,,,,
537.354941,-0.137244671,13.57705144,-20.13880548,-63.28707232,1,19.81424608,1.34297,-227.4397975,-218.2523656,-0.087118641,0.289971988,,,-0.137244671,,,,,
539.8261571,-0.133258285,13.59647732,-20.63108716,-61.97771209,1,19.55758684,1.34297,-221.3379023,-212.2400791,-0.088360767,0.292017004,,,-0.133258285,,,,,
542.3197903,-0.129263056,13.61590102,-21.12728342,-60.6564864,1,19.29864396,1.34297,-215.1705109,-206.1685239,-0.089690004,0.294208278,,,-0.129263056,,,,,
544.8359954,-0.125259178,13.63532082,-21.62736966,-59.32387239,1,19.03770193,1.34297,-208.9373587,-200.037802,-0.091116792,0.296563309,,,-0.125259178,,,,,
547.3749278,-0.121246855,13.65473492,-22.13131838,-57.98038426,1,18.77506785,1.34297,-202.6382017,-193.848056,-0.092653151,0.299102222,,,-0.121246855,,,,,
549.9367433,-0.117226301,13.67414145,-22.63909896,-56.62657598,1,18.51107321,1.34297,-196.2728184,-187.5994724,-0.094312974,0.301848269,,,-0.117226301,,,,,
552.5215984,-0.113197742,13.69353844,-23.15067738,-55.26304445,1,18.24607589,1.34297,-189.841012,-181.2922858,-0.096112403,0.304828439,,,-0.113197742,,,,,
555.1296502,-0.109161416,13.71292383,-23.66601595,-53.8904329,1,17.98046237,1.34297,-183.3426128,-174.9267825,-0.098070285,0.308074225,,,-0.109161416,,,,,
557.7610563,-0.105117577,13.73229545,-24.18507303,-52.50943477,1,17.71465022,1.34297,-176.7774805,-168.5033057,-0.100208749,0.311622579,,,-0.105117577,,,,,
560.4159748,-0.101066491,13.75165101,-24.70780261,-51.12079797,1,17.44909088,1.34297,-170.1455076,-162.0222603,-0.102553932,0.315517126,,,-0.101066491,,,,,
563.0945643,-0.097008443,13.77098811,-25.23415398,-49.72532981,1,17.1842728,1.34297,-163.4466223,-155.4841194,-0.10513691,0.319809702,,,-0.097008443,,,,,
565.7969838,-0.092943735,13.7903042,-25.76407123,-48.32390251,1,16.92072506,1.34297,-156.6807928,-148.8894305,-0.10799489,0.324562344,,,-0.092943735,,,,,
568.5233931,-0.088872689,13.80959657,-26.29749273,-46.91745949,1,16.65902145,1.34297,-149.8480312,-142.2388237,-0.111172775,0.329849884,,,-0.088872689,,,,,
571.2739522,-0.084795649,13.82886234,-26.83435057,-45.50702259,1,16.39978514,1.34297,-142.9483985,-135.5330202,-0.114725211,0.335763362,,,-0.084795649,,,,,
574.0488214,-0.080712985,13.84809846,-27.37456984,-44.09370044,1,16.1436941,1.34297,-135.9820105,-128.7728426,-0.118719337,0.342414593,,,-0.080712985,,,,,
576.8481617,-0.076625091,13.86730163,-27.9180678,-42.67869813,1,15.89148745,1.34297,-128.9490443,-121.9592268,-0.123238505,0.349942348,,,-0.076625091,,,,,
579.6721342,-0.072532396,13.88646832,-28.46475302,-41.26332854,1,15.64397281,1.34297,-121.849746,-115.0932357,-0.128387406,0.358520884,,,-0.072532396,,,,,
582.5209005,-0.068435361,13.90559475,-29.01452418,-39.84902575,1,15.40203508,1.34297,-114.6844401,-108.1760759,-0.134299257,0.368371892,,,-0.068435361,,,,,
585.3946225,-0.06433449,13.92467677,-29.56726877,-38.43736096,1,15.16664677,1.34297,-107.45354,-101.2091171,-0.141146088,0.379781605,,,-0.06433449,,,,,
588.2934621,-0.06023033,13.94370992,-30.12286152,-37.03006169,1,14.9388806,1.34297,-100.1575612,-94.19391544,-0.149153797,0.393125835,,,-0.06023033,,,,,
591.2175815,-0.056123483,13.96268927,-30.68116238,-35.62903506,1,14.71992474,1.34297,-92.7971376,-87.13224214,-0.158624771,0.408907589,,,-0.056123483,,,,,
594.1671431,-0.052014612,13.98160943,-31.2420142,-34.2363965,1,14.51110152,1.34297,-85.37304026,-80.02611868,-0.16997288,0.427815282,,,-0.052014612,,,,,
597.1423091,-0.047904455,14.0004644,-31.80523962,-32.85450556,1,14.31389098,1.34297,-77.88620234,-72.8778606,-0.183779547,0.450815999,,,-0.047904455,,,,,
600.1432417,-0.043793837,14.01924746,-32.37063735,-31.48601129,1,14.12996053,1.34297,-70.33774965,-65.69013307,-0.200887299,0.479311121,,,-0.043793837,,,,,
603.1701028,-0.039683688,14.03795107,-32.93797716,-30.13391079,1,13.96120342,1.34297,-62.72904039,-58.46602259,-0.222563638,0.515408941,,,-0.039683688,,,,,
606.2230539,-0.035575071,14.05656658,-33.50699342,-28.80162638,1,13.80978932,1.34297,-55.06171738,-51.20913145,-0.250805641,0.562431456,,,-0.035575071,,,,,
609.3022557,-0.031469214,14.07508404,-34.07737625,-27.49310967,1,13.67823266,1.34297,-47.33777843,-43.92370505,-0.288949611,0.625928747,,,-0.031469214,,,,,
612.4078682,-0.027367557,14.09349174,-34.64875937,-26.21298598,1,13.56948756,1.34297,-39.55967384,-36.61480866,-0.34301313,0.715912139,,,-0.027367557,,,,,
615.5400497,-0.023271816,14.11177571,-35.22070243,-24.96676186,1,13.48708416,1.34297,-31.73044637,-29.28858133,-0.425051826,0.852440123,,,-0.023271816,,,,,
618.6989565,-0.01918409,14.12991885,-35.79266472,-23.76113594,1,13.43533306,1.34297,-23.85394048,-21.95261596,-0.563233277,1.082382891,,,-0.01918409,,,,,
621.8847416,-0.01510702,14.14789958,-36.3639634,-22.60448977,1,13.41964826,1.34297,-15.93513252,-14.61655974,-0.842142244,1.546498642,,,-0.01510702,,,,,
625.0975536,-0.011044062,14.16568962,-36.93370292,-21.50771863,1,13.44709396,1.34297,-7.980688545,-7.293129649,-1.68495411,2.949038296,,,-0.011044062,,,,,
628.3375329,-0.007,14.18324966,-37.50064348,-20.48577561,1,13.52740133,1.34297,0,0,Inf,#NAME?,,,-0.007,,,,,
