0.087 , 0.087 , 0.087 , 0.087 , 0.087 , 0.087 , 0.087 , 0.087 , 0.087 , 
0.087 , 0.087 , 0.087 , 0.087 , 0.087 , 0.087 , 0.087 , 0.087 , 0.087 , 
0.087 , 0.087 , 0.087 , 0.087 , 0.087 , 0.087 , 0.087 , 0.087 , 0.087 , 
0.085 , 0.085 , 0.085 , 0.085 , 0.085 , 0.085 , 0.085 , 0.085 , 0.085 , 
0.112 , 0.112 , 0.112 , 0.112 , 0.112 , 0.112 , 0.112 , 0.112 , 0.112 , 
0.112 , 0.112 , 0.112 , 0.112 , 0.112 , 0.112 , 0.112 , 0.112 , 0.112 , 
0.105 , 0.105 , 0.105 , 0.105 , 0.105 , 0.105 , 0.105 , 0.105 , 0.105 , 
0.114 , 0.114 , 0.114 , 0.114 , 0.114 , 0.114 , 0.114 , 0.114 , 0.114 , 
0.114 , 0.114 , 0.114 , 0.114 , 0.114 , 0.114 , 0.114 , 0.114 , 0.114 , 
0.096 , 0.096 , 0.096 , 0.096 , 0.096 , 0.096 , 0.096 , 0.096 , 0.096 , 
0.088 , 0.088 , 0.088 , 0.088 , 0.088 , 0.088 , 0.088 , 0.088 , 0.088 , 
0.124 , 0.124 , 0.124 , 0.124 , 0.124 , 0.124 , 0.124 , 0.124 , 0.124 , 
0.105 , 0.105 , 0.105 , 0.105 , 0.105 , 0.105 , 0.105 , 0.105 , 0.105 , 
0.085 , 0.085 , 0.085 , 0.085 , 0.085 , 0.085 , 0.085 , 0.085 , 0.085 , 
0.116 , 0.116 , 0.116 , 0.116 , 0.116 , 0.116 , 0.116 , 0.116 , 0.116 , 
0.047 , 0.047 , 0.047 , 0.047 , 0.047 , 0.047 , 0.047 , 0.047 , 0.047 , 
0.108 , 0.108 , 0.108 , 0.108 , 0.108 , 0.108 , 0.108 , 0.108 , 0.108 , 
0.118 , 0.118 , 0.118 , 0.118 , 0.118 , 0.118 , 0.118 , 0.118 , 0.118 , 
0.131 , 0.131 , 0.131 , 0.131 , 0.131 , 0.131 , 0.131 , 0.131 , 0.131 , 
0.109 , 0.109 , 0.109 , 0.109 , 0.109 , 0.109 , 0.109 , 0.109 , 0.109 , 
0.112 , 0.112 , 0.112 , 0.112 , 0.112 , 0.112 , 0.112 , 0.112 , 0.112 , 
0.118 , 0.118 , 0.118 , 0.118 , 0.118 , 0.118 , 0.118 , 0.118 , 0.118 , 
0.063 , 0.063 , 0.063 , 0.063 , 0.063 , 0.063 , 0.063 , 0.063 , 0.063 , 
0.11 , 0.11 , 0.11 , 0.11 , 0.11 , 0.11 , 0.11 , 0.11 , 0.11 , 
0.117 , 0.117 , 0.117 , 0.117 , 0.117 , 0.117 , 0.117 , 0.117 , 0.117 , 
0.119 , 0.119 , 0.119 , 0.119 , 0.119 , 0.119 , 0.119 , 0.119 , 0.119 , 
0.134 , 0.134 , 0.134 , 0.134 , 0.134 , 0.134 , 0.134 , 0.134 , 0.134 , 
0.123 , 0.123 , 0.123 , 0.123 , 0.123 , 0.123 , 0.123 , 0.123 , 0.123 , 
0.159 , 0.159 , 0.159 , 0.159 , 0.159 , 0.159 , 0.159 , 0.159 , 0.159 , 
0.156 , 0.156 , 0.156 , 0.156 , 0.156 , 0.156 , 0.156 , 0.156 , 0.156 , 
0.114 , 0.114 , 0.114 , 0.114 , 0.114 , 0.114 , 0.114 , 0.114 , 0.114 , 
0.12 , 0.12 , 0.12 , 0.12 , 0.12 , 0.12 , 0.12 , 0.12 , 0.12 , 
0.097 , 0.097 , 0.097 , 0.097 , 0.097 , 0.097 , 0.097 , 0.097 , 0.097 , 
0.079 , 0.079 , 0.079 , 0.079 , 0.079 , 0.079 , 0.079 , 0.079 , 0.079 , 
0.123 , 0.123 , 0.123 , 0.123 , 0.123 , 0.123 , 0.123 , 0.123 , 0.123 , 
0.172 , 0.172 , 0.172 , 0.172 , 0.172 , 0.172 , 0.172 , 0.172 , 0.172 , 
0.191 , 0.191 , 0.191 , 0.191 , 0.191 , 0.191 , 0.191 , 0.191 , 0.191 , 
0.17 , 0.17 , 0.17 , 0.17 , 0.17 , 0.17 , 0.17 , 0.17 , 0.17 , 
0.113 , 0.113 , 0.113 , 0.113 , 0.113 , 0.113 , 0.113 , 0.113 , 0.113 , 
0.156 , 0.156 , 0.156 , 0.156 , 0.156 , 0.156 , 0.156 , 0.156 , 0.156 , 
0.158 , 0.158 , 0.158 , 0.158 , 0.158 , 0.158 , 0.158 , 0.158 , 0.158 , 
0.169 , 0.169 , 0.169 , 0.169 , 0.169 , 0.169 , 0.169 , 0.169 , 0.169 , 
0.181 , 0.181 , 0.181 , 0.181 , 0.181 , 0.181 , 0.181 , 0.181 , 0.181 , 
0.187 , 0.187 , 0.187 , 0.187 , 0.187 , 0.187 , 0.187 , 0.187 , 0.187 , 
0.213 , 0.213 , 0.213 , 0.213 , 0.213 , 0.213 , 0.213 , 0.213 , 0.213 , 
0.188 , 0.188 , 0.188 , 0.188 , 0.188 , 0.188 , 0.188 , 0.188 , 0.188 , 
0.202 , 0.202 , 0.202 , 0.202 , 0.202 , 0.202 , 0.202 , 0.202 , 0.202 , 
0.188 , 0.188 , 0.188 , 0.188 , 0.188 , 0.188 , 0.188 , 0.188 , 0.188 , 
0.209 , 0.209 , 0.209 , 0.209 , 0.209 , 0.209 , 0.209 , 0.209 , 0.209 , 
0.215 , 0.215 , 0.215 , 0.215 , 0.215 , 0.215 , 0.215 , 0.215 , 0.215 , 
0.241 , 0.241 , 0.241 , 0.241 , 0.241 , 0.241 , 0.241 , 0.241 , 0.241 , 
0.254 , 0.254 , 0.254 , 0.254 , 0.254 , 0.254 , 0.254 , 0.254 , 0.254 , 
0.233 , 0.233 , 0.233 , 0.233 , 0.233 , 0.233 , 0.233 , 0.233 , 0.233 , 
0.238 , 0.238 , 0.238 , 0.238 , 0.238 , 0.238 , 0.238 , 0.238 , 0.238 , 
0.263 , 0.263 , 0.263 , 0.263 , 0.263 , 0.263 , 0.263 , 0.263 , 0.263 , 
0.262 , 0.262 , 0.262 , 0.262 , 0.262 , 0.262 , 0.262 , 0.262 , 0.262 , 
0.262 , 0.262 , 0.262 , 0.262 , 0.262 , 0.262 , 0.262 , 0.262 , 0.262 , 
0.257 , 0.257 , 0.257 , 0.257 , 0.257 , 0.257 , 0.257 , 0.257 , 0.257 , 
0.267 , 0.267 , 0.267 , 0.267 , 0.267 , 0.267 , 0.267 , 0.267 , 0.267 , 
0.199 , 0.199 , 0.199 , 0.199 , 0.199 , 0.199 , 0.199 , 0.199 , 0.199 , 
0.245 , 0.245 , 0.245 , 0.245 , 0.245 , 0.245 , 0.245 , 0.245 , 0.245 , 
0.25 , 0.25 , 0.25 , 0.25 , 0.25 , 0.25 , 0.25 , 0.25 , 0.25 , 
0.271 , 0.271 , 0.271 , 0.271 , 0.271 , 0.271 , 0.271 , 0.271 , 0.271 , 
0.255 , 0.255 , 0.255 , 0.255 , 0.255 , 0.255 , 0.255 , 0.255 , 0.255 , 
0.237 , 0.237 , 0.237 , 0.237 , 0.237 , 0.237 , 0.237 , 0.237 , 0.237 , 
0.254 , 0.254 , 0.254 , 0.254 , 0.254 , 0.254 , 0.254 , 0.254 , 0.254 , 
0.25 , 0.25 , 0.25 , 0.25 , 0.25 , 0.25 , 0.25 , 0.25 , 0.25 , 
0.264 , 0.264 , 0.264 , 0.264 , 0.264 , 0.264 , 0.264 , 0.264 , 0.264 , 
0.279 , 0.279 , 0.279 , 0.279 , 0.279 , 0.279 , 0.279 , 0.279 , 0.279 , 
0.257 , 0.257 , 0.257 , 0.257 , 0.257 , 0.257 , 0.257 , 0.257 , 0.257 , 
0.262 , 0.262 , 0.262 , 0.262 , 0.262 , 0.262 , 0.262 , 0.262 , 0.262 , 
0.271 , 0.271 , 0.271 , 0.271 , 0.271 , 0.271 , 0.271 , 0.271 , 0.271 , 
0.268 , 0.268 , 0.268 , 0.268 , 0.268 , 0.268 , 0.268 , 0.268 , 0.268 , 
0.272 , 0.272 , 0.272 , 0.272 , 0.272 , 0.272 , 0.272 , 0.272 , 0.272 , 
0.256 , 0.256 , 0.256 , 0.256 , 0.256 , 0.256 , 0.256 , 0.256 , 0.256 , 
0.271 , 0.271 , 0.271 , 0.271 , 0.271 , 0.271 , 0.271 , 0.271 , 0.271 , 
0.264 , 0.264 , 0.264 , 0.264 , 0.264 , 0.264 , 0.264 , 0.264 , 0.264 , 
0.273 , 0.273 , 0.273 , 0.273 , 0.273 , 0.273 , 0.273 , 0.273 , 0.273 , 
0.287 , 0.287 , 0.287 , 0.287 , 0.287 , 0.287 , 0.287 , 0.287 , 0.287 , 
0.254 , 0.254 , 0.254 , 0.254 , 0.254 , 0.254 , 0.254 , 0.254 , 0.254 , 
0.267 , 0.267 , 0.267 , 0.267 , 0.267 , 0.267 , 0.267 , 0.267 , 0.267 , 
0.265 , 0.265 , 0.265 , 0.265 , 0.265 , 0.265 , 0.265 , 0.265 , 0.265 , 
0.269 , 0.269 , 0.269 , 0.269 , 0.269 , 0.269 , 0.269 , 0.269 , 0.269 , 
0.27 , 0.27 , 0.27 , 0.27 , 0.27 , 0.27 , 0.27 , 0.27 , 0.27 , 
0.292 , 0.292 , 0.292 , 0.292 , 0.292 , 0.292 , 0.292 , 0.292 , 0.292 , 
0.263 , 0.263 , 0.263 , 0.263 , 0.263 , 0.263 , 0.263 , 0.263 , 0.263 , 
0.275 , 0.275 , 0.275 , 0.275 , 0.275 , 0.275 , 0.275 , 0.275 , 0.275 , 
0.279 , 0.279 , 0.279 , 0.279 , 0.279 , 0.279 , 0.279 , 0.279 , 0.279 , 
0.251 , 0.251 , 0.251 , 0.251 , 0.251 , 0.251 , 0.251 , 0.251 , 0.251 , 
0.285 , 0.285 , 0.285 , 0.285 , 0.285 , 0.285 , 0.285 , 0.285 , 0.285 , 
0.263 , 0.263 , 0.263 , 0.263 , 0.263 , 0.263 , 0.263 , 0.263 , 0.263 , 
0.286 , 0.286 , 0.286 , 0.286 , 0.286 , 0.286 , 0.286 , 0.286 , 0.286 , 
0.27 , 0.27 , 0.27 , 0.27 , 0.27 , 0.27 , 0.27 , 0.27 , 0.27 , 
0.303 , 0.303 , 0.303 , 0.303 , 0.303 , 0.303 , 0.303 , 0.303 , 0.303 , 
0.279 , 0.279 , 0.279 , 0.279 , 0.279 , 0.279 , 0.279 , 0.279 , 0.279 , 
0.275 , 0.275 , 0.275 , 0.275 , 0.275 , 0.275 , 0.275 , 0.275 , 0.275 , 
0.29 , 0.29 , 0.29 , 0.29 , 0.29 , 0.29 , 0.29 , 0.29 , 0.29 , 
0.307 , 0.307 , 0.307 , 0.307 , 0.307 , 0.307 , 0.307 , 0.307 , 0.307 , 
0.28 , 0.28 , 0.28 , 0.28 , 0.28 , 0.28 , 0.28 , 0.28 , 0.28 , 
0.315 , 0.315 , 0.315 , 0.315 , 0.315 , 0.315 , 0.315 , 0.315 , 0.315 , 
0.339 , 0.339 , 0.339 , 0.339 , 0.339 , 0.339 , 0.339 , 0.339 , 0.339 , 
0.317 , 0.317 , 0.317 , 0.317 , 0.317 , 0.317 , 0.317 , 0.317 , 0.317 , 
0.282 , 0.282 , 0.282 , 0.282 , 0.282 , 0.282 , 0.282 , 0.282 , 0.282 , 
0.321 , 0.321 , 0.321 , 0.321 , 0.321 , 0.321 , 0.321 , 0.321 , 0.321 , 
0.316 , 0.316 , 0.316 , 0.316 , 0.316 , 0.316 , 0.316 , 0.316 , 0.316 , 
0.293 , 0.293 , 0.293 , 0.293 , 0.293 , 0.293 , 0.293 , 0.293 , 0.293 , 
0.31 , 0.31 , 0.31 , 0.31 , 0.31 , 0.31 , 0.31 , 0.31 , 0.31 , 
0.302 , 0.302 , 0.302 , 0.302 , 0.302 , 0.302 , 0.302 , 0.302 , 0.302 , 
0.314 , 0.314 , 0.314 , 0.314 , 0.314 , 0.314 , 0.314 , 0.314 , 0.314 , 
0.33 , 0.33 , 0.33 , 0.33 , 0.33 , 0.33 , 0.33 , 0.33 , 0.33 , 
0.332 , 0.332 , 0.332 , 0.332 , 0.332 , 0.332 , 0.332 , 0.332 , 0.332 , 
0.316 , 0.316 , 0.316 , 0.316 , 0.316 , 0.316 , 0.316 , 0.316 , 0.316 , 
0.326 , 0.326 , 0.326 , 0.326 , 0.326 , 0.326 , 0.326 , 0.326 , 0.326 , 
0.321 , 0.321 , 0.321 , 0.321 , 0.321 , 0.321 , 0.321 , 0.321 , 0.321 , 
0.31 , 0.31 , 0.31 , 0.31 , 0.31 , 0.31 , 0.31 , 0.31 , 0.31 , 
0.331 , 0.331 , 0.331 , 0.331 , 0.331 , 0.331 , 0.331 , 0.331 , 0.331 , 
0.29 , 0.29 , 0.29 , 0.29 , 0.29 , 0.29 , 0.29 , 0.29 , 0.29 , 
0.288 , 0.288 , 0.288 , 0.288 , 0.288 , 0.288 , 0.288 , 0.288 , 0.288 , 
0.313 , 0.313 , 0.313 , 0.313 , 0.313 , 0.313 , 0.313 , 0.313 , 0.313 , 
0.34 , 0.34 , 0.34 , 0.34 , 0.34 , 0.34 , 0.34 , 0.34 , 0.34 , 
0.305 , 0.305 , 0.305 , 0.305 , 0.305 , 0.305 , 0.305 , 0.305 , 0.305 , 
0.334 , 0.334 , 0.334 , 0.334 , 0.334 , 0.334 , 0.334 , 0.334 , 0.334 , 
0.342 , 0.342 , 0.342 , 0.342 , 0.342 , 0.342 , 0.342 , 0.342 , 0.342 , 
0.348 , 0.348 , 0.348 , 0.348 , 0.348 , 0.348 , 0.348 , 0.348 , 0.348 , 
0.385 , 0.385 , 0.385 , 0.385 , 0.385 , 0.385 , 0.385 , 0.385 , 0.385 , 
0.342 , 0.342 , 0.342 , 0.342 , 0.342 , 0.342 , 0.342 , 0.342 , 0.342 , 
0.365 , 0.365 , 0.365 , 0.365 , 0.365 , 0.365 , 0.365 , 0.365 , 0.365 , 
0.366 , 0.366 , 0.366 , 0.366 , 0.366 , 0.366 , 0.366 , 0.366 , 0.366 , 
0.312 , 0.312 , 0.312 , 0.312 , 0.312 , 0.312 , 0.312 , 0.312 , 0.312 , 
0.345 , 0.345 , 0.345 , 0.345 , 0.345 , 0.345 , 0.345 , 0.345 , 0.345 , 
0.318 , 0.318 , 0.318 , 0.318 , 0.318 , 0.318 , 0.318 , 0.318 , 0.318 , 
0.35 , 0.35 , 0.35 , 0.35 , 0.35 , 0.35 , 0.35 , 0.35 , 0.35 , 
0.321 , 0.321 , 0.321 , 0.321 , 0.321 , 0.321 , 0.321 , 0.321 , 0.321 , 
0.346 , 0.346 , 0.346 , 0.346 , 0.346 , 0.346 , 0.346 , 0.346 , 0.346 , 
0.343 , 0.343 , 0.343 , 0.343 , 0.343 , 0.343 , 0.343 , 0.343 , 0.343 , 
0.334 , 0.334 , 0.334 , 0.334 , 0.334 , 0.334 , 0.334 , 0.334 , 0.334 , 
0.334 , 0.334 , 0.334 , 0.334 , 0.334 , 0.334 , 0.334 , 0.334 , 0.334 , 
0.335 , 0.335 , 0.335 , 0.335 , 0.335 , 0.335 , 0.335 , 0.335 , 0.335 , 
0.342 , 0.342 , 0.342 , 0.342 , 0.342 , 0.342 , 0.342 , 0.342 , 0.342 , 
0.327 , 0.327 , 0.327 , 0.327 , 0.327 , 0.327 , 0.327 , 0.327 , 0.327 , 
0.329 , 0.329 , 0.329 , 0.329 , 0.329 , 0.329 , 0.329 , 0.329 , 0.329 , 
0.329 , 0.329 , 0.329 , 0.329 , 0.329 , 0.329 , 0.329 , 0.329 , 0.329 , 
0.324 , 0.324 , 0.324 , 0.324 , 0.324 , 0.324 , 0.324 , 0.324 , 0.324 , 
0.342 , 0.342 , 0.342 , 0.342 , 0.342 , 0.342 , 0.342 , 0.342 , 0.342 , 
0.331 , 0.331 , 0.331 , 0.331 , 0.331 , 0.331 , 0.331 , 0.331 , 0.331 , 
0.334 , 0.334 , 0.334 , 0.334 , 0.334 , 0.334 , 0.334 , 0.334 , 0.334 , 
0.327 , 0.327 , 0.327 , 0.327 , 0.327 , 0.327 , 0.327 , 0.327 , 0.327 , 
0.334 , 0.334 , 0.334 , 0.334 , 0.334 , 0.334 , 0.334 , 0.334 , 0.334 , 
0.332 , 0.332 , 0.332 , 0.332 , 0.332 , 0.332 , 0.332 , 0.332 , 0.332 , 
0.342 , 0.342 , 0.342 , 0.342 , 0.342 , 0.342 , 0.342 , 0.342 , 0.342 , 
0.36 , 0.36 , 0.36 , 0.36 , 0.36 , 0.36 , 0.36 , 0.36 , 0.36 , 
0.343 , 0.343 , 0.343 , 0.343 , 0.343 , 0.343 , 0.343 , 0.343 , 0.343 , 
0.355 , 0.355 , 0.355 , 0.355 , 0.355 , 0.355 , 0.355 , 0.355 , 0.355 , 
0.338 , 0.338 , 0.338 , 0.338 , 0.338 , 0.338 , 0.338 , 0.338 , 0.338 , 
0.346 , 0.346 , 0.346 , 0.346 , 0.346 , 0.346 , 0.346 , 0.346 , 0.346 , 
0.349 , 0.349 , 0.349 , 0.349 , 0.349 , 0.349 , 0.349 , 0.349 , 0.349 , 
0.361 , 0.361 , 0.361 , 0.361 , 0.361 , 0.361 , 0.361 , 0.361 , 0.361 , 
0.345 , 0.345 , 0.345 , 0.345 , 0.345 , 0.345 , 0.345 , 0.345 , 0.345 , 
0.355 , 0.355 , 0.355 , 0.355 , 0.355 , 0.355 , 0.355 , 0.355 , 0.355 , 
0.348 , 0.348 , 0.348 , 0.348 , 0.348 , 0.348 , 0.348 , 0.348 , 0.348 , 
0.357 , 0.357 , 0.357 , 0.357 , 0.357 , 0.357 , 0.357 , 0.357 , 0.357 , 
0.352 , 0.352 , 0.352 , 0.352 , 0.352 , 0.352 , 0.352 , 0.352 , 0.352 , 
0.332 , 0.332 , 0.332 , 0.332 , 0.332 , 0.332 , 0.332 , 0.332 , 0.332 , 
0.345 , 0.345 , 0.345 , 0.345 , 0.345 , 0.345 , 0.345 , 0.345 , 0.345 , 
0.354 , 0.354 , 0.354 , 0.354 , 0.354 , 0.354 , 0.354 , 0.354 , 0.354 , 
0.346 , 0.346 , 0.346 , 0.346 , 0.346 , 0.346 , 0.346 , 0.346 , 0.346 , 
0.335 , 0.335 , 0.335 , 0.335 , 0.335 , 0.335 , 0.335 , 0.335 , 0.335 , 
0.345 , 0.345 , 0.345 , 0.345 , 0.345 , 0.345 , 0.345 , 0.345 , 0.345 , 
0.337 , 0.337 , 0.337 , 0.337 , 0.337 , 0.337 , 0.337 , 0.337 , 0.337 , 
0.35 , 0.35 , 0.35 , 0.35 , 0.35 , 0.35 , 0.35 , 0.35 , 0.35 , 
0.334 , 0.334 , 0.334 , 0.334 , 0.334 , 0.334 , 0.334 , 0.334 , 0.334 , 
0.357 , 0.357 , 0.357 , 0.357 , 0.357 , 0.357 , 0.357 , 0.357 , 0.357 , 
0.329 , 0.329 , 0.329 , 0.329 , 0.329 , 0.329 , 0.329 , 0.329 , 0.329 , 
0.359 , 0.359 , 0.359 , 0.359 , 0.359 , 0.359 , 0.359 , 0.359 , 0.359 , 
0.346 , 0.346 , 0.346 , 0.346 , 0.346 , 0.346 , 0.346 , 0.346 , 0.346 , 
0.34 , 0.34 , 0.34 , 0.34 , 0.34 , 0.34 , 0.34 , 0.34 , 0.34 , 
0.355 , 0.355 , 0.355 , 0.355 , 0.355 , 0.355 , 0.355 , 0.355 , 0.355 , 
0.338 , 0.338 , 0.338 , 0.338 , 0.338 , 0.338 , 0.338 , 0.338 , 0.338 , 
0.351 , 0.351 , 0.351 , 0.351 , 0.351 , 0.351 , 0.351 , 0.351 , 0.351 , 
0.34 , 0.34 , 0.34 , 0.34 , 0.34 , 0.34 , 0.34 , 0.34 , 0.34 , 
0.352 , 0.352 , 0.352 , 0.352 , 0.352 , 0.352 , 0.352 , 0.352 , 0.352 , 
0.338 , 0.338 , 0.338 , 0.338 , 0.338 , 0.338 , 0.338 , 0.338 , 0.338 , 
0.353 , 0.353 , 0.353 , 0.353 , 0.353 , 0.353 , 0.353 , 0.353 , 0.353 , 
0.338 , 0.338 , 0.338 , 0.338 , 0.338 , 0.338 , 0.338 , 0.338 , 0.338 , 
0.347 , 0.347 , 0.347 , 0.347 , 0.347 , 0.347 , 0.347 , 0.347 , 0.347 , 
0.342 , 0.342 , 0.342 , 0.342 , 0.342 , 0.342 , 0.342 , 0.342 , 0.342 , 
0.348 , 0.348 , 0.348 , 0.348 , 0.348 , 0.348 , 0.348 , 0.348 , 0.348 , 
0.342 , 0.342 , 0.342 , 0.342 , 0.342 , 0.342 , 0.342 , 0.342 , 0.342 , 
0.352 , 0.352 , 0.352 , 0.352 , 0.352 , 0.352 , 0.352 , 0.352 , 0.352 , 
0.342 , 0.342 , 0.342 , 0.342 , 0.342 , 0.342 , 0.342 , 0.342 , 0.342 , 
0.354 , 0.354 , 0.354 , 0.354 , 0.354 , 0.354 , 0.354 , 0.354 , 0.354 , 
0.338 , 0.338 , 0.338 , 0.338 , 0.338 , 0.338 , 0.338 , 0.338 , 0.338 , 
0.351 , 0.351 , 0.351 , 0.351 , 0.351 , 0.351 , 0.351 , 0.351 , 0.351 , 
0.34 , 0.34 , 0.34 , 0.34 , 0.34 , 0.34 , 0.34 , 0.34 , 0.34 , 
0.351 , 0.351 , 0.351 , 0.351 , 0.351 , 0.351 , 0.351 , 0.351 , 0.351 , 
0.342 , 0.342 , 0.342 , 0.342 , 0.342 , 0.342 , 0.342 , 0.342 , 0.342 , 
0.349 , 0.349 , 0.349 , 0.349 , 0.349 , 0.349 , 0.349 , 0.349 , 0.349 , 
0.342 , 0.342 , 0.342 , 0.342 , 0.342 , 0.342 , 0.342 , 0.342 , 0.342 , 
0.349 , 0.349 , 0.349 , 0.349 , 0.349 , 0.349 , 0.349 , 0.349 , 0.349 , 
0.343 , 0.343 , 0.343 , 0.343 , 0.343 , 0.343 , 0.343 , 0.343 , 0.343 , 
0.35 , 0.35 , 0.35 , 0.35 , 0.35 , 0.35 , 0.35 , 0.35 , 0.35 , 
0.342 , 0.342 , 0.342 , 0.342 , 0.342 , 0.342 , 0.342 , 0.342 , 0.342 , 
0.351 , 0.351 , 0.351 , 0.351 , 0.351 , 0.351 , 0.351 , 0.351 , 0.351 , 
0.343 , 0.343 , 0.343 , 0.343 , 0.343 , 0.343 , 0.343 , 0.343 , 0.343 , 
0.349 , 0.349 , 0.349 , 0.349 , 0.349 , 0.349 , 0.349 , 0.349 , 0.349 , 
0.349 , 0.349 , 0.349 , 0.349 , 0.349 , 0.349 , 0.349 , 0.349 , 0.349 , 
0.343 , 0.343 , 0.343 , 0.343 , 0.343 , 0.343 , 0.343 , 0.343 , 0.343 , 
0.35 , 0.35 , 0.35 , 0.35 , 0.35 , 0.35 , 0.35 , 0.35 , 0.35 , 
0.345 , 0.345 , 0.345 , 0.345 , 0.345 , 0.345 , 0.345 , 0.345 , 0.345 , 
0.349 , 0.349 , 0.349 , 0.349 , 0.349 , 0.349 , 0.349 , 0.349 , 0.349 , 
0.344 , 0.344 , 0.344 , 0.344 , 0.344 , 0.344 , 0.344 , 0.344 , 0.344 , 
0.348 , 0.348 , 0.348 , 0.348 , 0.348 , 0.348 , 0.348 , 0.348 , 0.348 , 
0.35 , 0.35 , 0.35 , 0.35 , 0.35 , 0.35 , 0.35 , 0.35 , 0.35 , 
0.357 , 0.357 , 0.357 , 0.357 , 0.357 , 0.357 , 0.357 , 0.357 , 0.357 , 
0.341 , 0.341 , 0.341 , 0.341 , 0.341 , 0.341 , 0.341 , 0.341 , 0.341 , 
0.352 , 0.352 , 0.352 , 0.352 , 0.352 , 0.352 , 0.352 , 0.352 , 0.352 , 
0.352 , 0.352 , 0.352 , 0.352 , 0.352 , 0.352 , 0.352 , 0.352 , 0.352 , 
0.356 , 0.356 , 0.356 , 0.356 , 0.356 , 0.356 , 0.356 , 0.356 , 0.356 , 
0.349 , 0.349 , 0.349 , 0.349 , 0.349 , 0.349 , 0.349 , 0.349 , 0.349 , 
0.346 , 0.346 , 0.346 , 0.346 , 0.346 , 0.346 , 0.346 , 0.346 , 0.346 , 
0.349 , 0.349 , 0.349 , 0.349 , 0.349 , 0.349 , 0.349 , 0.349 , 0.349 , 
0.351 , 0.351 , 0.351 , 0.351 , 0.351 , 0.351 , 0.351 , 0.351 , 0.351 , 
0.351 , 0.351 , 0.351 , 0.351 , 0.351 , 0.351 , 0.351 , 0.351 , 0.351 , 
0.353 , 0.353 , 0.353 , 0.353 , 0.353 , 0.353 , 0.353 , 0.353 , 0.353 , 
0.351 , 0.351 , 0.351 , 0.351 , 0.351 , 0.351 , 0.351 , 0.351 , 0.351 , 
0.349 , 0.349 , 0.349 , 0.349 , 0.349 , 0.349 , 0.349 , 0.349 , 0.349 , 
0.351 , 0.351 , 0.351 , 0.351 , 0.351 , 0.351 , 0.351 , 0.351 , 0.351 , 
0.349 , 0.349 , 0.349 , 0.349 , 0.349 , 0.349 , 0.349 , 0.349 , 0.349 , 
0.35 , 0.35 , 0.35 , 0.35 , 0.35 , 0.35 , 0.35 , 0.35 , 0.35 , 
0.352 , 0.352 , 0.352 , 0.352 , 0.352 , 0.352 , 0.352 , 0.352 , 0.352 , 
0.351 , 0.351 , 0.351 , 0.351 , 0.351 , 0.351 , 0.351 , 0.351 , 0.351 , 
0.349 , 0.349 , 0.349 , 0.349 , 0.349 , 0.349 , 0.349 , 0.349 , 0.349 , 
0.355 , 0.355 , 0.355 , 0.355 , 0.355 , 0.355 , 0.355 , 0.355 , 0.355 , 
0.349 , 0.349 , 0.349 , 0.349 , 0.349 , 0.349 , 0.349 , 0.349 , 0.349 , 
0.353 , 0.353 , 0.353 , 0.353 , 0.353 , 0.353 , 0.353 , 0.353 , 0.353 , 
0.351 , 0.351 , 0.351 , 0.351 , 0.351 , 0.351 , 0.351 , 0.351 , 0.351 , 
0.353 , 0.353 , 0.353 , 0.353 , 0.353 , 0.353 , 0.353 , 0.353 , 0.353 , 
0.35 , 0.35 , 0.35 , 0.35 , 0.35 , 0.35 , 0.35 , 0.35 , 0.35 , 
0.351 , 0.351 , 0.351 , 0.351 , 0.351 , 0.351 , 0.351 , 0.351 , 0.351 , 
0.356 , 0.356 , 0.356 , 0.356 , 0.356 , 0.356 , 0.356 , 0.356 , 0.356 , 
0.356 , 0.356 , 0.356 , 0.356 , 0.356 , 0.356 , 0.356 , 0.356 , 0.356 , 
0.356 , 0.356 , 0.356 , 0.356 , 0.356 , 0.356 , 0.356 , 0.356 , 0.356 , 
0.358 , 0.358 , 0.358 , 0.358 , 0.358 , 0.358 , 0.358 , 0.358 , 0.358 , 
0.352 , 0.352 , 0.352 , 0.352 , 0.352 , 0.352 , 0.352 , 0.352 , 0.352 , 
0.351 , 0.351 , 0.351 , 0.351 , 0.351 , 0.351 , 0.351 , 0.351 , 0.351 , 
0.349 , 0.349 , 0.349 , 0.349 , 0.349 , 0.349 , 0.349 , 0.349 , 0.349 , 
0.346 , 0.346 , 0.346 , 0.346 , 0.346 , 0.346 , 0.346 , 0.346 , 0.346 , 
0.353 , 0.353 , 0.353 , 0.353 , 0.353 , 0.353 , 0.353 , 0.353 , 0.353 , 
0.351 , 0.351 , 0.351 , 0.351 , 0.351 , 0.351 , 0.351 , 0.351 , 0.351 , 
0.356 , 0.356 , 0.356 , 0.356 , 0.356 , 0.356 , 0.356 , 0.356 , 0.356 , 
0.351 , 0.351 , 0.351 , 0.351 , 0.351 , 0.351 , 0.351 , 0.351 , 0.351 , 
0.352 , 0.352 , 0.352 , 0.352 , 0.352 , 0.352 , 0.352 , 0.352 , 0.352 , 
0.354 , 0.354 , 0.354 , 0.354 , 0.354 , 0.354 , 0.354 , 0.354 , 0.354 , 
0.354 , 0.354 , 0.354 , 0.354 , 0.354 , 0.354 , 0.354 , 0.354 , 0.354 , 
0.356 , 0.356 , 0.356 , 0.356 , 0.356 , 0.356 , 0.356 , 0.356 , 0.356 , 
0.358 , 0.358 , 0.358 , 0.358 , 0.358 , 0.358 , 0.358 , 0.358 , 0.358 , 
0.355 , 0.355 , 0.355 , 0.355 , 0.355 , 0.355 , 0.355 , 0.355 , 0.355 , 
0.357 , 0.357 , 0.357 , 0.357 , 0.357 , 0.357 , 0.357 , 0.357 , 0.357 , 
0.36 , 0.36 , 0.36 , 0.36 , 0.36 , 0.36 , 0.36 , 0.36 , 0.36 , 
0.357 , 0.357 , 0.357 , 0.357 , 0.357 , 0.357 , 0.357 , 0.357 , 0.357 , 
0.358 , 0.358 , 0.358 , 0.358 , 0.358 , 0.358 , 0.358 , 0.358 , 0.358 , 
0.358 , 0.358 , 0.358 , 0.358 , 0.358 , 0.358 , 0.358 , 0.358 , 0.358 , 
0.356 , 0.356 , 0.356 , 0.356 , 0.356 , 0.356 , 0.356 , 0.356 , 0.356 , 
0.357 , 0.357 , 0.357 , 0.357 , 0.357 , 0.357 , 0.357 , 0.357 , 0.357 , 
0.358 , 0.358 , 0.358 , 0.358 , 0.358 , 0.358 , 0.358 , 0.358 , 0.358 , 
0.358 , 0.358 , 0.358 , 0.358 , 0.358 , 0.358 , 0.358 , 0.358 , 0.358 , 
0.358 , 0.358 , 0.358 , 0.358 , 0.358 , 0.358 , 0.358 , 0.358 , 0.358 , 
0.354 , 0.354 , 0.354 , 0.354 , 0.354 , 0.354 , 0.354 , 0.354 , 0.354 , 
0.355 , 0.355 , 0.355 , 0.355 , 0.355 , 0.355 , 0.355 , 0.355 , 0.355 , 
0.355 , 0.355 , 0.355 , 0.355 , 0.355 , 0.355 , 0.355 , 0.355 , 0.355 , 
0.358 , 0.358 , 0.358 , 0.358 , 0.358 , 0.358 , 0.358 , 0.358 , 0.358 , 
0.356 , 0.356 , 0.356 , 0.356 , 0.356 , 0.356 , 0.356 , 0.356 , 0.356 , 
0.358 , 0.358 , 0.358 , 0.358 , 0.358 , 0.358 , 0.358 , 0.358 , 0.358 , 
0.354 , 0.354 , 0.354 , 0.354 , 0.354 , 0.354 , 0.354 , 0.354 , 0.354 , 
0.349 , 0.349 , 0.349 , 0.349 , 0.349 , 0.349 , 0.349 , 0.349 , 0.349 , 
0.357 , 0.357 , 0.357 , 0.357 , 0.357 , 0.357 , 0.357 , 0.357 , 0.357 , 
0.36 , 0.36 , 0.36 , 0.36 , 0.36 , 0.36 , 0.36 , 0.36 , 0.36 , 
0.36 , 0.36 , 0.36 , 0.36 , 0.36 , 0.36 , 0.36 , 0.36 , 0.36 , 
0.356 , 0.356 , 0.356 , 0.356 , 0.356 , 0.356 , 0.356 , 0.356 , 0.356 , 
0.358 , 0.358 , 0.358 , 0.358 , 0.358 , 0.358 , 0.358 , 0.358 , 0.358 , 
0.356 , 0.356 , 0.356 , 0.356 , 0.356 , 0.356 , 0.356 , 0.356 , 0.356 , 
0.356 , 0.356 , 0.356 , 0.356 , 0.356 , 0.356 , 0.356 , 0.356 , 0.356 , 
0.36 , 0.36 , 0.36 , 0.36 , 0.36 , 0.36 , 0.36 , 0.36 , 0.36 , 
0.358 , 0.358 , 0.358 , 0.358 , 0.358 , 0.358 , 0.358 , 0.358 , 0.358 , 
0.357 , 0.357 , 0.357 , 0.357 , 0.357 , 0.357 , 0.357 , 0.357 , 0.357 , 
0.357 , 0.357 , 0.357 , 0.357 , 0.357 , 0.357 , 0.357 , 0.357 , 0.357 , 
0.356 , 0.356 , 0.356 , 0.356 , 0.356 , 0.356 , 0.356 , 0.356 , 0.356 , 
0.36 , 0.36 , 0.36 , 0.36 , 0.36 , 0.36 , 0.36 , 0.36 , 0.36 , 
0.356 , 0.356 , 0.356 , 0.356 , 0.356 , 0.356 , 0.356 , 0.356 , 0.356 , 
0.356 , 0.356 , 0.356 , 0.356 , 0.356 , 0.356 , 0.356 , 0.356 , 0.356 , 
0.355 , 0.355 , 0.355 , 0.355 , 0.355 , 0.355 , 0.355 , 0.355 , 0.355 , 
0.357 , 0.357 , 0.357 , 0.357 , 0.357 , 0.357 , 0.357 , 0.357 , 0.357 , 
0.356 , 0.356 , 0.356 , 0.356 , 0.356 , 0.356 , 0.356 , 0.356 , 0.356 , 
0.359 , 0.359 , 0.359 , 0.359 , 0.359 , 0.359 , 0.359 , 0.359 , 0.359 , 
0.358 , 0.358 , 0.358 , 0.358 , 0.358 , 0.358 , 0.358 , 0.358 , 0.358 , 
0.358 , 0.358 , 0.358 , 0.358 , 0.358 , 0.358 , 0.358 , 0.358 , 0.358 , 
0.354 , 0.354 , 0.354 , 0.354 , 0.354 , 0.354 , 0.354 , 0.354 , 0.354 , 
0.358 , 0.358 , 0.358 , 0.358 , 0.358 , 0.358 , 0.358 , 0.358 , 0.358 , 
0.362 , 0.362 , 0.362 , 0.362 , 0.362 , 0.362 , 0.362 , 0.362 , 0.362 , 
0.357 , 0.357 , 0.357 , 0.357 , 0.357 , 0.357 , 0.357 , 0.357 , 0.357 , 
0.355 , 0.355 , 0.355 , 0.355 , 0.355 , 0.355 , 0.355 , 0.355 , 0.355 , 
0.361 , 0.361 , 0.361 , 0.361 , 0.361 , 0.361 , 0.361 , 0.361 , 0.361 , 
0.352 , 0.352 , 0.352 , 0.352 , 0.352 , 0.352 , 0.352 , 0.352 , 0.352 , 
0.36 , 0.36 , 0.36 , 0.36 , 0.36 , 0.36 , 0.36 , 0.36 , 0.36 , 
0.36 , 0.36 , 0.36 , 0.36 , 0.36 , 0.36 , 0.36 , 0.36 , 0.36 , 
0.358 , 0.358 , 0.358 , 0.358 , 0.358 , 0.358 , 0.358 , 0.358 , 0.358 , 
0.357 , 0.357 , 0.357 , 0.357 , 0.357 , 0.357 , 0.357 , 0.357 , 0.357 , 
0.361 , 0.361 , 0.361 , 0.361 , 0.361 , 0.361 , 0.361 , 0.361 , 0.361 , 
0.356 , 0.356 , 0.356 , 0.356 , 0.356 , 0.356 , 0.356 , 0.356 , 0.356 , 
0.354 , 0.354 , 0.354 , 0.354 , 0.354 , 0.354 , 0.354 , 0.354 , 0.354 , 
0.36 , 0.36 , 0.36 , 0.36 , 0.36 , 0.36 , 0.36 , 0.36 , 0.36 , 
0.359 , 0.359 , 0.359 , 0.359 , 0.359 , 0.359 , 0.359 , 0.359 , 0.359 , 
0.356 , 0.356 , 0.356 , 0.356 , 0.356 , 0.356 , 0.356 , 0.356 , 0.356 , 
0.355 , 0.355 , 0.355 , 0.355 , 0.355 , 0.355 , 0.355 , 0.355 , 0.355 , 
0.356 , 0.356 , 0.356 , 0.356 , 0.356 , 0.356 , 0.356 , 0.356 , 0.356 , 
0.354 , 0.354 , 0.354 , 0.354 , 0.354 , 0.354 , 0.354 , 0.354 , 0.354 , 
0.356 , 0.356 , 0.356 , 0.356 , 0.356 , 0.356 , 0.356 , 0.356 , 0.356 , 
0.355 , 0.355 , 0.355 , 0.355 , 0.355 , 0.355 , 0.355 , 0.355 , 0.355 , 
0.357 , 0.357 , 0.357 , 0.357 , 0.357 , 0.357 , 0.357 , 0.357 , 0.357 , 
0.36 , 0.36 , 0.36 , 0.36 , 0.36 , 0.36 , 0.36 , 0.36 , 0.36 , 
0.359 , 0.359 , 0.359 , 0.359 , 0.359 , 0.359 , 0.359 , 0.359 , 0.359 , 
0.36 , 0.36 , 0.36 , 0.36 , 0.36 , 0.36 , 0.36 , 0.36 , 0.36 , 
0.359 , 0.359 , 0.359 , 0.359 , 0.359 , 0.359 , 0.359 , 0.359 , 0.359 , 
0.36 , 0.36 , 0.36 , 0.36 , 0.36 , 0.36 , 0.36 , 0.36 , 0.36 , 
0.36 , 0.36 , 0.36 , 0.36 , 0.36 , 0.36 , 0.36 , 0.36 , 0.36 , 
0.36 , 0.36 , 0.36 , 0.36 , 0.36 , 0.36 , 0.36 , 0.36 , 0.36 , 
0.36 , 0.36 , 0.36 , 0.36 , 0.36 , 0.36 , 0.36 , 0.36 , 0.36 , 
0.359 , 0.359 , 0.359 , 0.359 , 0.359 , 0.359 , 0.359 , 0.359 , 0.359 , 
0.36 , 0.36 , 0.36 , 0.36 , 0.36 , 0.36 , 0.36 , 0.36 , 0.36 , 
0.36 , 0.36 , 0.36 , 0.36 , 0.36 , 0.36 , 0.36 , 0.36 , 0.36 , 
0.36 , 0.36 , 0.36 , 0.36 , 0.36 , 0.36 , 0.36 , 0.36 , 0.36 , 
0.36 , 0.36 , 0.36 , 0.36 , 0.36 , 0.36 , 0.36 , 0.36 , 0.36 , 
0.359 , 0.359 , 0.359 , 0.359 , 0.359 , 0.359 , 0.359 , 0.359 , 0.359 , 
0.36 , 0.36 , 0.36 , 0.36 , 0.36 , 0.36 , 0.36 , 0.36 , 0.36 , 
0.359 , 0.359 , 0.359 , 0.359 , 0.359 , 0.359 , 0.359 , 0.359 , 0.359 , 
0.357 , 0.357 , 0.357 , 0.357 , 0.357 , 0.357 , 0.357 , 0.357 , 0.357 , 
0.36 , 0.36 , 0.36 , 0.36 , 0.36 , 0.36 , 0.36 , 0.36 , 0.36 , 
0.36 , 0.36 , 0.36 , 0.36 , 0.36 , 0.36 , 0.36 , 0.36 , 0.36 , 
0.36 , 0.36 , 0.36 , 0.36 , 0.36 , 0.36 , 0.36 , 0.36 , 0.36 , 
0.36 , 0.36 , 0.36 , 0.36 , 0.36 , 0.36 , 0.36 , 0.36 , 0.36 , 
0.36 , 0.36 , 0.36 , 0.36 , 0.36 , 0.36 , 0.36 , 0.36 , 0.36 , 
0.36 , 0.36 , 0.36 , 0.36 , 0.36 , 0.36 , 0.36 , 0.36 , 0.36 , 
0.36 , 0.36 , 0.36 , 0.36 , 0.36 , 0.36 , 0.36 , 0.36 , 0.36 , 
0.36 , 0.36 , 0.36 , 0.36 , 0.36 , 0.36 , 0.36 , 0.36 , 0.36 , 
0.36 , 0.36 , 0.36 , 0.36 , 0.36 , 0.36 , 0.36 , 0.36 , 0.36 , 
0.36 , 0.36 , 0.36 , 0.36 , 0.36 , 0.36 , 0.36 , 0.36 , 0.36 , 
0.36 , 0.36 , 0.36 , 0.36 , 0.36 , 0.36 , 0.36 , 0.36 , 0.36 , 
0.361 , 0.361 , 0.361 , 0.361 , 0.361 , 0.361 , 0.361 , 0.361 , 0.361 , 
0.36 , 0.36 , 0.36 , 0.36 , 0.36 , 0.36 , 0.36 , 0.36 , 0.36 , 
0.36 , 0.36 , 0.36 , 0.36 , 0.36 , 0.36 , 0.36 , 0.36 , 0.36 , 
0.36 , 0.36 , 0.36 , 0.36 , 0.36 , 0.36 , 0.36 , 0.36 , 0.36 , 
0.36 , 0.36 , 0.36 , 0.36 , 0.36 , 0.36 , 0.36 , 0.36 , 0.36 , 
0.36 , 0.36 , 0.36 , 0.36 , 0.36 , 0.36 , 0.36 , 0.36 , 0.36 , 
0.36 , 0.36 , 0.36 , 0.36 , 0.36 , 0.36 , 0.36 , 0.36 , 0.36 , 
0.36 , 0.36 , 0.36 , 0.36 , 0.36 , 0.36 , 0.36 , 0.36 , 0.36 , 
0.36 , 0.36 , 0.36 , 0.36 , 0.36 , 0.36 , 0.36 , 0.36 , 0.36 , 
0.36 , 0.36 , 0.36 , 0.36 , 0.36 , 0.36 , 0.36 , 0.36 , 0.36 , 
0.36 , 0.36 , 0.36 , 0.36 , 0.36 , 0.36 , 0.36 , 0.36 , 0.36 , 
0.36 , 0.36 , 0.36 , 0.36 , 0.36 , 0.36 , 0.36 , 0.36 , 0.36 , 
0.36 , 0.36 , 0.36 , 0.36 , 0.36 , 0.36 , 0.36 , 0.36 , 0.36 , 
0.36 , 0.36 , 0.36 , 0.36 , 0.36 , 0.36 , 0.36 , 0.36 , 0.36 , 
0.36 , 0.36 , 0.36 , 0.36 , 0.36 , 0.36 , 0.36 , 0.36 , 0.36 , 
0.36 , 0.36 , 0.36 , 0.36 , 0.36 , 0.36 , 0.36 , 0.36 , 0.36 , 
0.36 , 0.36 , 0.36 , 0.36 , 0.36 , 0.36 , 0.36 , 0.36 , 0.36 , 
0.36 , 0.36 , 0.36 , 0.36 , 0.36 , 0.36 , 0.36 , 0.36 , 0.36 , 
0.36 , 0.36 , 0.36 , 0.36 , 0.36 , 0.36 , 0.36 , 0.36 , 0.36 , 
0.36 , 0.36 , 0.36 , 0.36 , 0.36 , 0.36 , 0.36 , 0.36 , 0.36 , 
0.36 , 0.36 , 0.36 , 0.36 , 0.36 , 0.36 , 0.36 , 0.36 , 0.36 , 
0.357 , 0.357 , 0.357 , 0.357 , 0.357 , 0.357 , 0.357 , 0.357 , 0.357 , 
0.36 , 0.36 , 0.36 , 0.36 , 0.36 , 0.36 , 0.36 , 0.36 , 0.36 , 
0.36 , 0.36 , 0.36 , 0.36 , 0.36 , 0.36 , 0.36 , 0.36 , 0.36 , 
0.36 , 0.36 , 0.36 , 0.36 , 0.36 , 0.36 , 0.36 , 0.36 , 0.36 , 
0.36 , 0.36 , 0.36 , 0.36 , 0.36 , 0.36 , 0.36 , 0.36 , 0.36 , 
0.36 , 0.36 , 0.36 , 0.36 , 0.36 , 0.36 , 0.36 , 0.36 , 0.36 , 
0.36 , 0.36 , 0.36 , 0.36 , 0.36 , 0.36 , 0.36 , 0.36 , 0.36 , 
0.36 , 0.36 , 0.36 , 0.36 , 0.36 , 0.36 , 0.36 , 0.36 , 0.36 , 
0.36 , 0.36 , 0.36 , 0.36 , 0.36 , 0.36 , 0.36 , 0.36 , 0.36 , 
0.361 , 0.361 , 0.361 , 0.361 , 0.361 , 0.361 , 0.361 , 0.361 , 0.361 , 
0.362 , 0.362 , 0.362 , 0.362 , 0.362 , 0.362 , 0.362 , 0.362 , 0.362 , 
0.36 , 0.36 , 0.36 , 0.36 , 0.36 , 0.36 , 0.36 , 0.36 , 0.36 , 
0.36 , 0.36 , 0.36 , 0.36 , 0.36 , 0.36 , 0.36 , 0.36 , 0.36 , 
0.361 , 0.361 , 0.361 , 0.361 , 0.361 , 0.361 , 0.361 , 0.361 , 0.361 , 
0.361 , 0.361 , 0.361 , 0.361 , 0.361 , 0.361 , 0.361 , 0.361 , 0.361 , 
0.361 , 0.361 , 0.361 , 0.361 , 0.361 , 0.361 , 0.361 , 0.361 , 0.361 , 
0.361 , 0.361 , 0.361 , 0.361 , 0.361 , 0.361 , 0.361 , 0.361 , 0.361 , 
0.361 , 0.361 , 0.361 , 0.361 , 0.361 , 0.361 , 0.361 , 0.361 , 0.361 , 
0.361 , 0.361 , 0.361 , 0.361 , 0.361 , 0.361 , 0.361 , 0.361 , 0.361 , 
0.361 , 0.361 , 0.361 , 0.361 , 0.361 , 0.361 , 0.361 , 0.361 , 0.361 , 
0.361 , 0.361 , 0.361 , 0.361 , 0.361 , 0.361 , 0.361 , 0.361 , 0.361 , 
0.362 , 0.362 , 0.362 , 0.362 , 0.362 , 0.362 , 0.362 , 0.362 , 0.362 , 
0.361 , 0.361 , 0.361 , 0.361 , 0.361 , 0.361 , 0.361 , 0.361 , 0.361 , 
0.362 , 0.362 , 0.362 , 0.362 , 0.362 , 0.362 , 0.362 , 0.362 , 0.362 , 
0.364 , 0.364 , 0.364 , 0.364 , 0.364 , 0.364 , 0.364 , 0.364 , 0.364 , 
0.361 , 0.361 , 0.361 , 0.361 , 0.361 , 0.361 , 0.361 , 0.361 , 0.361 , 
0.362 , 0.362 , 0.362 , 0.362 , 0.362 , 0.362 , 0.362 , 0.362 , 0.362 , 
0.362 , 0.362 , 0.362 , 0.362 , 0.362 , 0.362 , 0.362 , 0.362 , 0.362 , 
0.362 , 0.362 , 0.362 , 0.362 , 0.362 , 0.362 , 0.362 , 0.362 , 0.362 , 
0.362 , 0.362 , 0.362 , 0.362 , 0.362 , 0.362 , 0.362 , 0.362 , 0.362 , 
0.362 , 0.362 , 0.362 , 0.362 , 0.362 , 0.362 , 0.362 , 0.362 , 0.362 , 
0.362 , 0.362 , 0.362 , 0.362 , 0.362 , 0.362 , 0.362 , 0.362 , 0.362 , 
0.362 , 0.362 , 0.362 , 0.362 , 0.362 , 0.362 , 0.362 , 0.362 , 0.362 , 
0.362 , 0.362 , 0.362 , 0.362 , 0.362 , 0.362 , 0.362 , 0.362 , 0.362 , 
0.362 , 0.362 , 0.362 , 0.362 , 0.362 , 0.362 , 0.362 , 0.362 , 0.362 , 
0.362 , 0.362 , 0.362 , 0.362 , 0.362 , 0.362 , 0.362 , 0.362 , 0.362 , 
0.362 , 0.362 , 0.362 , 0.362 , 0.362 , 0.362 , 0.362 , 0.362 , 0.362 , 
0.367 , 0.367 , 0.367 , 0.367 , 0.367 , 0.367 , 0.367 , 0.367 , 0.367 , 
0.362 , 0.362 , 0.362 , 0.362 , 0.362 , 0.362 , 0.362 , 0.362 , 0.362 , 
0.361 , 0.361 , 0.361 , 0.361 , 0.361 , 0.361 , 0.361 , 0.361 , 0.361 , 
0.366 , 0.366 , 0.366 , 0.366 , 0.366 , 0.366 , 0.366 , 0.366 , 0.366 , 
0.362 , 0.362 , 0.362 , 0.362 , 0.362 , 0.362 , 0.362 , 0.362 , 0.362 , 
0.366 , 0.366 , 0.366 , 0.366 , 0.366 , 0.366 , 0.366 , 0.366 , 0.366 , 
0.362 , 0.362 , 0.362 , 0.362 , 0.362 , 0.362 , 0.362 , 0.362 , 0.362 , 
0.362 , 0.362 , 0.362 , 0.362 , 0.362 , 0.362 , 0.362 , 0.362 , 0.362 , 
0.364 , 0.364 , 0.364 , 0.364 , 0.364 , 0.364 , 0.364 , 0.364 , 0.364 , 
0.362 , 0.362 , 0.362 , 0.362 , 0.362 , 0.362 , 0.362 , 0.362 , 0.362 , 
0.366 , 0.366 , 0.366 , 0.366 , 0.366 , 0.366 , 0.366 , 0.366 , 0.366 , 
0.362 , 0.362 , 0.362 , 0.362 , 0.362 , 0.362 , 0.362 , 0.362 , 0.362 , 
0.362 , 0.362 , 0.362 , 0.362 , 0.362 , 0.362 , 0.362 , 0.362 , 0.362 , 
0.363 , 0.363 , 0.363 , 0.363 , 0.363 , 0.363 , 0.363 , 0.363 , 0.363 , 
0.362 , 0.362 , 0.362 , 0.362 , 0.362 , 0.362 , 0.362 , 0.362 , 0.362 , 
0.363 , 0.363 , 0.363 , 0.363 , 0.363 , 0.363 , 0.363 , 0.363 , 0.363 , 
0.365 , 0.365 , 0.365 , 0.365 , 0.365 , 0.365 , 0.365 , 0.365 , 0.365 , 
0.367 , 0.367 , 0.367 , 0.367 , 0.367 , 0.367 , 0.367 , 0.367 , 0.367 , 
0.362 , 0.362 , 0.362 , 0.362 , 0.362 , 0.362 , 0.362 , 0.362 , 0.362 , 
0.362 , 0.362 , 0.362 , 0.362 , 0.362 , 0.362 , 0.362 , 0.362 , 0.362 , 
0.362 , 0.362 , 0.362 , 0.362 , 0.362 , 0.362 , 0.362 , 0.362 , 0.362 , 
0.362 , 0.362 , 0.362 , 0.362 , 0.362 , 0.362 , 0.362 , 0.362 , 0.362 , 
0.362 , 0.362 , 0.362 , 0.362 , 0.362 , 0.362 , 0.362 , 0.362 , 0.362 , 
0.362 , 0.362 , 0.362 , 0.362 , 0.362 , 0.362 , 0.362 , 0.362 , 0.362 , 
0.365 , 0.365 , 0.365 , 0.365 , 0.365 , 0.365 , 0.365 , 0.365 , 0.365 , 
0.367 , 0.367 , 0.367 , 0.367 , 0.367 , 0.367 , 0.367 , 0.367 , 0.367 , 
0.362 , 0.362 , 0.362 , 0.362 , 0.362 , 0.362 , 0.362 , 0.362 , 0.362 , 
0.362 , 0.362 , 0.362 , 0.362 , 0.362 , 0.362 , 0.362 , 0.362 , 0.362 , 
0.364 , 0.364 , 0.364 , 0.364 , 0.364 , 0.364 , 0.364 , 0.364 , 0.364 , 
0.362 , 0.362 , 0.362 , 0.362 , 0.362 , 0.362 , 0.362 , 0.362 , 0.362 , 
0.365 , 0.365 , 0.365 , 0.365 , 0.365 , 0.365 , 0.365 , 0.365 , 0.365 , 
0.363 , 0.363 , 0.363 , 0.363 , 0.363 , 0.363 , 0.363 , 0.363 , 0.363 , 
0.362 , 0.362 , 0.362 , 0.362 , 0.362 , 0.362 , 0.362 , 0.362 , 0.362 , 
0.362 , 0.362 , 0.362 , 0.362 , 0.362 , 0.362 , 0.362 , 0.362 , 0.362 , 
0.362 , 0.362 , 0.362 , 0.362 , 0.362 , 0.362 , 0.362 , 0.362 , 0.362 , 
0.362 , 0.362 , 0.362 , 0.362 , 0.362 , 0.362 , 0.362 , 0.362 , 0.362 , 
0.366 , 0.366 , 0.366 , 0.366 , 0.366 , 0.366 , 0.366 , 0.366 , 0.366 , 
0.362 , 0.362 , 0.362 , 0.362 , 0.362 , 0.362 , 0.362 , 0.362 , 0.362 , 
0.362 , 0.362 , 0.362 , 0.362 , 0.362 , 0.362 , 0.362 , 0.362 , 0.362 , 
0.362 , 0.362 , 0.362 , 0.362 , 0.362 , 0.362 , 0.362 , 0.362 , 0.362 , 
0.362 , 0.362 , 0.362 , 0.362 , 0.362 , 0.362 , 0.362 , 0.362 , 0.362 , 
0.362 , 0.362 , 0.362 , 0.362 , 0.362 , 0.362 , 0.362 , 0.362 , 0.362 , 
0.362 , 0.362 , 0.362 , 0.362 , 0.362 , 0.362 , 0.362 , 0.362 , 0.362 , 
0.362 , 0.362 , 0.362 , 0.362 , 0.362 , 0.362 , 0.362 , 0.362 , 0.362 , 
0.362 , 0.362 , 0.362 , 0.362 , 0.362 , 0.362 , 0.362 , 0.362 , 0.362 , 
0.362 , 0.362 , 0.362 , 0.362 , 0.362 , 0.362 , 0.362 , 0.362 , 0.362 , 
0.362 , 0.362 , 0.362 , 0.362 , 0.362 , 0.362 , 0.362 , 0.362 , 0.362 , 
0.362 , 0.362 , 0.362 , 0.362 , 0.362 , 0.362 , 0.362 , 0.362 , 0.362 , 
0.362 , 0.362 , 0.362 , 0.362 , 0.362 , 0.362 , 0.362 , 0.362 , 0.362 , 
0.362 , 0.362 , 0.362 , 0.362 , 0.362 , 0.362 , 0.362 , 0.362 , 0.362 , 
0.362 , 0.362 , 0.362 , 0.362 , 0.362 , 0.362 , 0.362 , 0.362 , 0.362 , 
0.362 , 0.362 , 0.362 , 0.362 , 0.362 , 0.362 , 0.362 , 0.362 , 0.362 , 
0.362 , 0.362 , 0.362 , 0.362 , 0.362 , 0.362 , 0.362 , 0.362 , 0.362 , 
0.362 , 0.362 , 0.362 , 0.362 , 0.362 , 0.362 , 0.362 , 0.362 , 0.362 , 
0.362 , 0.362 , 0.362 , 0.362 , 0.362 , 0.362 , 0.362 , 0.362 , 0.362 , 
0.362 , 0.362 , 0.362 , 0.362 , 0.362 , 0.362 , 0.362 , 0.362 , 0.362 , 
0.361 , 0.361 , 0.361 , 0.361 , 0.361 , 0.361 , 0.361 , 0.361 , 0.361 , 
0.362 , 0.362 , 0.362 , 0.362 , 0.362 , 0.362 , 0.362 , 0.362 , 0.362 , 
0.358 , 0.358 , 0.358 , 0.358 , 0.358 , 0.358 , 0.358 , 0.358 , 0.358 , 
0.355 , 0.355 , 0.355 , 0.355 , 0.355 , 0.355 , 0.355 , 0.355 , 0.355 , 
0.357 , 0.357 , 0.357 , 0.357 , 0.357 , 0.357 , 0.357 , 0.357 , 0.357 , 
0.356 , 0.356 , 0.356 , 0.356 , 0.356 , 0.356 , 0.356 , 0.356 , 0.356 , 
0.351 , 0.351 , 0.351 , 0.351 , 0.351 , 0.351 , 0.351 , 0.351 , 0.351 , 
0.341 , 0.341 , 0.341 , 0.341 , 0.341 , 0.341 , 0.341 , 0.341 , 0.341 , 
0.351 , 0.351 , 0.351 , 0.351 , 0.351 , 0.351 , 0.351 , 0.351 , 0.351 , 
0.346 , 0.346 , 0.346 , 0.346 , 0.346 , 0.346 , 0.346 , 0.346 , 0.346 , 
0.346 , 0.346 , 0.346 , 0.346 , 0.346 , 0.346 , 0.346 , 0.346 , 0.346 , 
0.346 , 0.346 , 0.346 , 0.346 , 0.346 , 0.346 , 0.346 , 0.346 , 0.346 , 
0.343 , 0.343 , 0.343 , 0.343 , 0.343 , 0.343 , 0.343 , 0.343 , 0.343 , 
0.318 , 0.318 , 0.318 , 0.318 , 0.318 , 0.318 , 0.318 , 0.318 , 0.318 , 
0.341 , 0.341 , 0.341 , 0.341 , 0.341 , 0.341 , 0.341 , 0.341 , 0.341 , 
0.333 , 0.333 , 0.333 , 0.333 , 0.333 , 0.333 , 0.333 , 0.333 , 0.333 , 
0.33 , 0.33 , 0.33 , 0.33 , 0.33 , 0.33 , 0.33 , 0.33 , 0.33 , 
0.321 , 0.321 , 0.321 , 0.321 , 0.321 , 0.321 , 0.321 , 0.321 , 0.321 , 
0.192 , 0.192 , 0.192 , 0.192 , 0.192 , 0.192 , 0.192 , 0.192 , 0.192 , 
0.306 , 0.306 , 0.306 , 0.306 , 0.306 , 0.306 , 0.306 , 0.306 , 0.306 , 
0.00990099 , 0.00990099 , 0.00990099 , 0.00990099 , 0.00990099 , 0.00990099 , 0.00990099 , 0.00990099 , 0.00990099 , 
0.314 , 0.314 , 0.314 , 0.314 , 0.314 , 0.314 , 0.314 , 0.314 , 0.314 , 
0.186 , 0.186 , 0.186 , 0.186 , 0.186 , 0.186 , 0.186 , 0.186 , 0.186 , 
0.277 , 0.277 , 0.277 , 0.277 , 0.277 , 0.277 , 0.277 , 0.277 , 0.277 , 
0.00990099 , 0.00990099 , 0.00990099 , 0.00990099 , 0.00990099 , 0.00990099 , 0.00990099 , 0.00990099 , 0.00990099 , 
0.211 , 0.211 , 0.211 , 0.211 , 0.211 , 0.211 , 0.211 , 0.211 , 0.211 , 
0.157 , 0.157 , 0.157 , 0.157 , 0.157 , 0.157 , 0.157 , 0.157 , 0.157 , 
0.346 , 0.346 , 0.346 , 0.346 , 0.346 , 0.346 , 0.346 , 0.346 , 0.346 , 
0.21 , 0.21 , 0.21 , 0.21 , 0.21 , 0.21 , 0.21 , 0.21 , 0.21 , 
0.213 , 0.213 , 0.213 , 0.213 , 0.213 , 0.213 , 0.213 , 0.213 , 0.213 , 
0.122 , 0.122 , 0.122 , 0.122 , 0.122 , 0.122 , 0.122 , 0.122 , 0.122 , 
0.00990099 , 0.00990099 , 0.00990099 , 0.00990099 , 0.00990099 , 0.00990099 , 0.00990099 , 0.00990099 , 0.00990099 , 
0.00990099 , 0.00990099 , 0.00990099 , 0.00990099 , 0.00990099 , 0.00990099 , 0.00990099 , 0.00990099 , 0.00990099 , 
0.243 , 0.243 , 0.243 , 0.243 , 0.243 , 0.243 , 0.243 , 0.243 , 0.243 , 
0.328 , 0.328 , 0.328 , 0.328 , 0.328 , 0.328 , 0.328 , 0.328 , 0.328 , 
0.318 , 0.318 , 0.318 , 0.318 , 0.318 , 0.318 , 0.318 , 0.318 , 0.318 , 
0.323 , 0.323 , 0.323 , 0.323 , 0.323 , 0.323 , 0.323 , 0.323 , 0.323 , 
0.335 , 0.335 , 0.335 , 0.335 , 0.335 , 0.335 , 0.335 , 0.335 , 0.335 , 
0.338 , 0.338 , 0.338 , 0.338 , 0.338 , 0.338 , 0.338 , 0.338 , 0.338 , 
0.321 , 0.321 , 0.321 , 0.321 , 0.321 , 0.321 , 0.321 , 0.321 , 0.321 , 
0.326 , 0.326 , 0.326 , 0.326 , 0.326 , 0.326 , 0.326 , 0.326 , 0.326 , 
0.261 , 0.261 , 0.261 , 0.261 , 0.261 , 0.261 , 0.261 , 0.261 , 0.261 , 
0.258 , 0.258 , 0.258 , 0.258 , 0.258 , 0.258 , 0.258 , 0.258 , 0.258 , 
0.256 , 0.256 , 0.256 , 0.256 , 0.256 , 0.256 , 0.256 , 0.256 , 0.256 , 
0.316 , 0.316 , 0.316 , 0.316 , 0.316 , 0.316 , 0.316 , 0.316 , 0.316 , 
0.281 , 0.281 , 0.281 , 0.281 , 0.281 , 0.281 , 0.281 , 0.281 , 0.281 , 
0.28 , 0.28 , 0.28 , 0.28 , 0.28 , 0.28 , 0.28 , 0.28 , 0.28 , 
0.335 , 0.335 , 0.335 , 0.335 , 0.335 , 0.335 , 0.335 , 0.335 , 0.335 , 
0.277 , 0.277 , 0.277 , 0.277 , 0.277 , 0.277 , 0.277 , 0.277 , 0.277 , 
0.262 , 0.262 , 0.262 , 0.262 , 0.262 , 0.262 , 0.262 , 0.262 , 0.262 , 
0.218 , 0.218 , 0.218 , 0.218 , 0.218 , 0.218 , 0.218 , 0.218 , 0.218 , 
0.161 , 0.161 , 0.161 , 0.161 , 0.161 , 0.161 , 0.161 , 0.161 , 0.161 , 
0.149 , 0.149 , 0.149 , 0.149 , 0.149 , 0.149 , 0.149 , 0.149 , 0.149 , 
0.315 , 0.315 , 0.315 , 0.315 , 0.315 , 0.315 , 0.315 , 0.315 , 0.315 , 
0.145 , 0.145 , 0.145 , 0.145 , 0.145 , 0.145 , 0.145 , 0.145 , 0.145 , 
0.323 , 0.323 , 0.323 , 0.323 , 0.323 , 0.323 , 0.323 , 0.323 , 0.323 , 
0.258 , 0.258 , 0.258 , 0.258 , 0.258 , 0.258 , 0.258 , 0.258 , 0.258 , 
0.118 , 0.118 , 0.118 , 0.118 , 0.118 , 0.118 , 0.118 , 0.118 , 0.118 , 
0.321 , 0.321 , 0.321 , 0.321 , 0.321 , 0.321 , 0.321 , 0.321 , 0.321 , 
0.331 , 0.331 , 0.331 , 0.331 , 0.331 , 0.331 , 0.331 , 0.331 , 0.331 , 
0.247 , 0.247 , 0.247 , 0.247 , 0.247 , 0.247 , 0.247 , 0.247 , 0.247 , 
0.167 , 0.167 , 0.167 , 0.167 , 0.167 , 0.167 , 0.167 , 0.167 , 0.167 , 
0.307 , 0.307 , 0.307 , 0.307 , 0.307 , 0.307 , 0.307 , 0.307 , 0.307 , 
0.16 , 0.16 , 0.16 , 0.16 , 0.16 , 0.16 , 0.16 , 0.16 , 0.16 , 
0.307 , 0.307 , 0.307 , 0.307 , 0.307 , 0.307 , 0.307 , 0.307 , 0.307 , 
0.199 , 0.199 , 0.199 , 0.199 , 0.199 , 0.199 , 0.199 , 0.199 , 0.199 , 
0.305 , 0.305 , 0.305 , 0.305 , 0.305 , 0.305 , 0.305 , 0.305 , 0.305 , 
0.186 , 0.186 , 0.186 , 0.186 , 0.186 , 0.186 , 0.186 , 0.186 , 0.186 , 
0.305 , 0.305 , 0.305 , 0.305 , 0.305 , 0.305 , 0.305 , 0.305 , 0.305 , 
0.193 , 0.193 , 0.193 , 0.193 , 0.193 , 0.193 , 0.193 , 0.193 , 0.193 , 
0.303 , 0.303 , 0.303 , 0.303 , 0.303 , 0.303 , 0.303 , 0.303 , 0.303 , 
0.201 , 0.201 , 0.201 , 0.201 , 0.201 , 0.201 , 0.201 , 0.201 , 0.201 , 
0.302 , 0.302 , 0.302 , 0.302 , 0.302 , 0.302 , 0.302 , 0.302 , 0.302 , 
0.214 , 0.214 , 0.214 , 0.214 , 0.214 , 0.214 , 0.214 , 0.214 , 0.214 , 
0.296 , 0.296 , 0.296 , 0.296 , 0.296 , 0.296 , 0.296 , 0.296 , 0.296 , 
0.214 , 0.214 , 0.214 , 0.214 , 0.214 , 0.214 , 0.214 , 0.214 , 0.214 , 
0.294 , 0.294 , 0.294 , 0.294 , 0.294 , 0.294 , 0.294 , 0.294 , 0.294 , 
0.3 , 0.3 , 0.3 , 0.3 , 0.3 , 0.3 , 0.3 , 0.3 , 0.3 , 
0.302 , 0.302 , 0.302 , 0.302 , 0.302 , 0.302 , 0.302 , 0.302 , 0.302 , 
0.307 , 0.307 , 0.307 , 0.307 , 0.307 , 0.307 , 0.307 , 0.307 , 0.307 , 
0.307 , 0.307 , 0.307 , 0.307 , 0.307 , 0.307 , 0.307 , 0.307 , 0.307 , 
0.275 , 0.275 , 0.275 , 0.275 , 0.275 , 0.275 , 0.275 , 0.275 , 0.275 , 
0.267 , 0.267 , 0.267 , 0.267 , 0.267 , 0.267 , 0.267 , 0.267 , 0.267 , 
0.22 , 0.22 , 0.22 , 0.22 , 0.22 , 0.22 , 0.22 , 0.22 , 0.22 , 
0.259 , 0.259 , 0.259 , 0.259 , 0.259 , 0.259 , 0.259 , 0.259 , 0.259 , 
0.237 , 0.237 , 0.237 , 0.237 , 0.237 , 0.237 , 0.237 , 0.237 , 0.237 , 
0.301 , 0.301 , 0.301 , 0.301 , 0.301 , 0.301 , 0.301 , 0.301 , 0.301 , 
0.303 , 0.303 , 0.303 , 0.303 , 0.303 , 0.303 , 0.303 , 0.303 , 0.303 , 
0.271 , 0.271 , 0.271 , 0.271 , 0.271 , 0.271 , 0.271 , 0.271 , 0.271 , 
0.247 , 0.247 , 0.247 , 0.247 , 0.247 , 0.247 , 0.247 , 0.247 , 0.247 , 
0.303 , 0.303 , 0.303 , 0.303 , 0.303 , 0.303 , 0.303 , 0.303 , 0.303 , 
0.268 , 0.268 , 0.268 , 0.268 , 0.268 , 0.268 , 0.268 , 0.268 , 0.268 , 
0.304 , 0.304 , 0.304 , 0.304 , 0.304 , 0.304 , 0.304 , 0.304 , 0.304 , 
0.269 , 0.269 , 0.269 , 0.269 , 0.269 , 0.269 , 0.269 , 0.269 , 0.269 , 
0.245 , 0.245 , 0.245 , 0.245 , 0.245 , 0.245 , 0.245 , 0.245 , 0.245 , 
0.267 , 0.267 , 0.267 , 0.267 , 0.267 , 0.267 , 0.267 , 0.267 , 0.267 , 
0.237 , 0.237 , 0.237 , 0.237 , 0.237 , 0.237 , 0.237 , 0.237 , 0.237 , 
0.287 , 0.287 , 0.287 , 0.287 , 0.287 , 0.287 , 0.287 , 0.287 , 0.287 , 
0.246 , 0.246 , 0.246 , 0.246 , 0.246 , 0.246 , 0.246 , 0.246 , 0.246 , 
0.287 , 0.287 , 0.287 , 0.287 , 0.287 , 0.287 , 0.287 , 0.287 , 0.287 , 
0.241 , 0.241 , 0.241 , 0.241 , 0.241 , 0.241 , 0.241 , 0.241 , 0.241 , 
0.287 , 0.287 , 0.287 , 0.287 , 0.287 , 0.287 , 0.287 , 0.287 , 0.287 , 
0.237 , 0.237 , 0.237 , 0.237 , 0.237 , 0.237 , 0.237 , 0.237 , 0.237 , 
0.301 , 0.301 , 0.301 , 0.301 , 0.301 , 0.301 , 0.301 , 0.301 , 0.301 , 
0.237 , 0.237 , 0.237 , 0.237 , 0.237 , 0.237 , 0.237 , 0.237 , 0.237 , 
0.245 , 0.245 , 0.245 , 0.245 , 0.245 , 0.245 , 0.245 , 0.245 , 0.245 , 
0.277 , 0.277 , 0.277 , 0.277 , 0.277 , 0.277 , 0.277 , 0.277 , 0.277 , 
0.214 , 0.214 , 0.214 , 0.214 , 0.214 , 0.214 , 0.214 , 0.214 , 0.214 , 
0.285 , 0.285 , 0.285 , 0.285 , 0.285 , 0.285 , 0.285 , 0.285 , 0.285 , 
0.303 , 0.303 , 0.303 , 0.303 , 0.303 , 0.303 , 0.303 , 0.303 , 0.303 , 
0.255 , 0.255 , 0.255 , 0.255 , 0.255 , 0.255 , 0.255 , 0.255 , 0.255 , 
0.268 , 0.268 , 0.268 , 0.268 , 0.268 , 0.268 , 0.268 , 0.268 , 0.268 , 
0.252 , 0.252 , 0.252 , 0.252 , 0.252 , 0.252 , 0.252 , 0.252 , 0.252 , 
0.268 , 0.268 , 0.268 , 0.268 , 0.268 , 0.268 , 0.268 , 0.268 , 0.268 , 
0.274 , 0.274 , 0.274 , 0.274 , 0.274 , 0.274 , 0.274 , 0.274 , 0.274 , 
0.269 , 0.269 , 0.269 , 0.269 , 0.269 , 0.269 , 0.269 , 0.269 , 0.269 , 
0.245 , 0.245 , 0.245 , 0.245 , 0.245 , 0.245 , 0.245 , 0.245 , 0.245 , 
0.275 , 0.275 , 0.275 , 0.275 , 0.275 , 0.275 , 0.275 , 0.275 , 0.275 , 
0.275 , 0.275 , 0.275 , 0.275 , 0.275 , 0.275 , 0.275 , 0.275 , 0.275 , 
0.271 , 0.271 , 0.271 , 0.271 , 0.271 , 0.271 , 0.271 , 0.271 , 0.271 , 
0.251 , 0.251 , 0.251 , 0.251 , 0.251 , 0.251 , 0.251 , 0.251 , 0.251 , 
0.275 , 0.275 , 0.275 , 0.275 , 0.275 , 0.275 , 0.275 , 0.275 , 0.275 , 
0.274 , 0.274 , 0.274 , 0.274 , 0.274 , 0.274 , 0.274 , 0.274 , 0.274 , 
0.274 , 0.274 , 0.274 , 0.274 , 0.274 , 0.274 , 0.274 , 0.274 , 0.274 , 
0.267 , 0.267 , 0.267 , 0.267 , 0.267 , 0.267 , 0.267 , 0.267 , 0.267 , 
0.274 , 0.274 , 0.274 , 0.274 , 0.274 , 0.274 , 0.274 , 0.274 , 0.274 , 
0.277 , 0.277 , 0.277 , 0.277 , 0.277 , 0.277 , 0.277 , 0.277 , 0.277 , 
0.284 , 0.284 , 0.284 , 0.284 , 0.284 , 0.284 , 0.284 , 0.284 , 0.284 , 
0.292 , 0.292 , 0.292 , 0.292 , 0.292 , 0.292 , 0.292 , 0.292 , 0.292 , 
0.28 , 0.28 , 0.28 , 0.28 , 0.28 , 0.28 , 0.28 , 0.28 , 0.28 , 
0.259 , 0.259 , 0.259 , 0.259 , 0.259 , 0.259 , 0.259 , 0.259 , 0.259 , 
0.277 , 0.277 , 0.277 , 0.277 , 0.277 , 0.277 , 0.277 , 0.277 , 0.277 , 
0.263 , 0.263 , 0.263 , 0.263 , 0.263 , 0.263 , 0.263 , 0.263 , 0.263 , 
0.277 , 0.277 , 0.277 , 0.277 , 0.277 , 0.277 , 0.277 , 0.277 , 0.277 , 
0.263 , 0.263 , 0.263 , 0.263 , 0.263 , 0.263 , 0.263 , 0.263 , 0.263 , 
0.276 , 0.276 , 0.276 , 0.276 , 0.276 , 0.276 , 0.276 , 0.276 , 0.276 , 
0.267 , 0.267 , 0.267 , 0.267 , 0.267 , 0.267 , 0.267 , 0.267 , 0.267 , 
0.268 , 0.268 , 0.268 , 0.268 , 0.268 , 0.268 , 0.268 , 0.268 , 0.268 , 
0.267 , 0.267 , 0.267 , 0.267 , 0.267 , 0.267 , 0.267 , 0.267 , 0.267 , 
0.258 , 0.258 , 0.258 , 0.258 , 0.258 , 0.258 , 0.258 , 0.258 , 0.258 , 
0.263 , 0.263 , 0.263 , 0.263 , 0.263 , 0.263 , 0.263 , 0.263 , 0.263 , 
0.274 , 0.274 , 0.274 , 0.274 , 0.274 , 0.274 , 0.274 , 0.274 , 0.274 , 
0.263 , 0.263 , 0.263 , 0.263 , 0.263 , 0.263 , 0.263 , 0.263 , 0.263 , 
0.274 , 0.274 , 0.274 , 0.274 , 0.274 , 0.274 , 0.274 , 0.274 , 0.274 , 
0.263 , 0.263 , 0.263 , 0.263 , 0.263 , 0.263 , 0.263 , 0.263 , 0.263 , 
0.271 , 0.271 , 0.271 , 0.271 , 0.271 , 0.271 , 0.271 , 0.271 , 0.271 , 
0.267 , 0.267 , 0.267 , 0.267 , 0.267 , 0.267 , 0.267 , 0.267 , 0.267 , 
0.261 , 0.261 , 0.261 , 0.261 , 0.261 , 0.261 , 0.261 , 0.261 , 0.261 , 
0.264 , 0.264 , 0.264 , 0.264 , 0.264 , 0.264 , 0.264 , 0.264 , 0.264 , 
0.262 , 0.262 , 0.262 , 0.262 , 0.262 , 0.262 , 0.262 , 0.262 , 0.262 , 
0.271 , 0.271 , 0.271 , 0.271 , 0.271 , 0.271 , 0.271 , 0.271 , 0.271 , 
0.263 , 0.263 , 0.263 , 0.263 , 0.263 , 0.263 , 0.263 , 0.263 , 0.263 , 
0.271 , 0.271 , 0.271 , 0.271 , 0.271 , 0.271 , 0.271 , 0.271 , 0.271 , 
0.263 , 0.263 , 0.263 , 0.263 , 0.263 , 0.263 , 0.263 , 0.263 , 0.263 , 
0.271 , 0.271 , 0.271 , 0.271 , 0.271 , 0.271 , 0.271 , 0.271 , 0.271 , 
0.262 , 0.262 , 0.262 , 0.262 , 0.262 , 0.262 , 0.262 , 0.262 , 0.262 , 
0.271 , 0.271 , 0.271 , 0.271 , 0.271 , 0.271 , 0.271 , 0.271 , 0.271 , 
0.263 , 0.263 , 0.263 , 0.263 , 0.263 , 0.263 , 0.263 , 0.263 , 0.263 , 
0.271 , 0.271 , 0.271 , 0.271 , 0.271 , 0.271 , 0.271 , 0.271 , 0.271 , 
0.264 , 0.264 , 0.264 , 0.264 , 0.264 , 0.264 , 0.264 , 0.264 , 0.264 , 
0.263 , 0.263 , 0.263 , 0.263 , 0.263 , 0.263 , 0.263 , 0.263 , 0.263 , 
0.269 , 0.269 , 0.269 , 0.269 , 0.269 , 0.269 , 0.269 , 0.269 , 0.269 , 
0.263 , 0.263 , 0.263 , 0.263 , 0.263 , 0.263 , 0.263 , 0.263 , 0.263 , 
0.269 , 0.269 , 0.269 , 0.269 , 0.269 , 0.269 , 0.269 , 0.269 , 0.269 , 
0.263 , 0.263 , 0.263 , 0.263 , 0.263 , 0.263 , 0.263 , 0.263 , 0.263 , 
0.269 , 0.269 , 0.269 , 0.269 , 0.269 , 0.269 , 0.269 , 0.269 , 0.269 , 
0.263 , 0.263 , 0.263 , 0.263 , 0.263 , 0.263 , 0.263 , 0.263 , 0.263 , 
0.269 , 0.269 , 0.269 , 0.269 , 0.269 , 0.269 , 0.269 , 0.269 , 0.269 , 
0.263 , 0.263 , 0.263 , 0.263 , 0.263 , 0.263 , 0.263 , 0.263 , 0.263 , 
0.269 , 0.269 , 0.269 , 0.269 , 0.269 , 0.269 , 0.269 , 0.269 , 0.269 , 
0.264 , 0.264 , 0.264 , 0.264 , 0.264 , 0.264 , 0.264 , 0.264 , 0.264 , 
0.264 , 0.264 , 0.264 , 0.264 , 0.264 , 0.264 , 0.264 , 0.264 , 0.264 , 
0.263 , 0.263 , 0.263 , 0.263 , 0.263 , 0.263 , 0.263 , 0.263 , 0.263 , 
0.268 , 0.268 , 0.268 , 0.268 , 0.268 , 0.268 , 0.268 , 0.268 , 0.268 , 
0.263 , 0.263 , 0.263 , 0.263 , 0.263 , 0.263 , 0.263 , 0.263 , 0.263 , 
0.268 , 0.268 , 0.268 , 0.268 , 0.268 , 0.268 , 0.268 , 0.268 , 0.268 , 
0.263 , 0.263 , 0.263 , 0.263 , 0.263 , 0.263 , 0.263 , 0.263 , 0.263 , 
0.268 , 0.268 , 0.268 , 0.268 , 0.268 , 0.268 , 0.268 , 0.268 , 0.268 , 
0.263 , 0.263 , 0.263 , 0.263 , 0.263 , 0.263 , 0.263 , 0.263 , 0.263 , 
0.268 , 0.268 , 0.268 , 0.268 , 0.268 , 0.268 , 0.268 , 0.268 , 0.268 , 
0.264 , 0.264 , 0.264 , 0.264 , 0.264 , 0.264 , 0.264 , 0.264 , 0.264 , 
0.264 , 0.264 , 0.264 , 0.264 , 0.264 , 0.264 , 0.264 , 0.264 , 0.264 , 
0.264 , 0.264 , 0.264 , 0.264 , 0.264 , 0.264 , 0.264 , 0.264 , 0.264 , 
0.267 , 0.267 , 0.267 , 0.267 , 0.267 , 0.267 , 0.267 , 0.267 , 0.267 , 
0.263 , 0.263 , 0.263 , 0.263 , 0.263 , 0.263 , 0.263 , 0.263 , 0.263 , 
0.267 , 0.267 , 0.267 , 0.267 , 0.267 , 0.267 , 0.267 , 0.267 , 0.267 , 
0.263 , 0.263 , 0.263 , 0.263 , 0.263 , 0.263 , 0.263 , 0.263 , 0.263 , 
0.267 , 0.267 , 0.267 , 0.267 , 0.267 , 0.267 , 0.267 , 0.267 , 0.267 , 
0.263 , 0.263 , 0.263 , 0.263 , 0.263 , 0.263 , 0.263 , 0.263 , 0.263 , 
0.267 , 0.267 , 0.267 , 0.267 , 0.267 , 0.267 , 0.267 , 0.267 , 0.267 , 
0.268 , 0.268 , 0.268 , 0.268 , 0.268 , 0.268 , 0.268 , 0.268 , 0.268 , 
0.267 , 0.267 , 0.267 , 0.267 , 0.267 , 0.267 , 0.267 , 0.267 , 0.267 , 
0.268 , 0.268 , 0.268 , 0.268 , 0.268 , 0.268 , 0.268 , 0.268 , 0.268 , 
0.265 , 0.265 , 0.265 , 0.265 , 0.265 , 0.265 , 0.265 , 0.265 , 0.265 , 
0.267 , 0.267 , 0.267 , 0.267 , 0.267 , 0.267 , 0.267 , 0.267 , 0.267 , 
0.267 , 0.267 , 0.267 , 0.267 , 0.267 , 0.267 , 0.267 , 0.267 , 0.267 , 
0.267 , 0.267 , 0.267 , 0.267 , 0.267 , 0.267 , 0.267 , 0.267 , 0.267 , 
0.265 , 0.265 , 0.265 , 0.265 , 0.265 , 0.265 , 0.265 , 0.265 , 0.265 , 
0.267 , 0.267 , 0.267 , 0.267 , 0.267 , 0.267 , 0.267 , 0.267 , 0.267 , 
0.265 , 0.265 , 0.265 , 0.265 , 0.265 , 0.265 , 0.265 , 0.265 , 0.265 , 
0.267 , 0.267 , 0.267 , 0.267 , 0.267 , 0.267 , 0.267 , 0.267 , 0.267 , 
0.267 , 0.267 , 0.267 , 0.267 , 0.267 , 0.267 , 0.267 , 0.267 , 0.267 , 
0.265 , 0.265 , 0.265 , 0.265 , 0.265 , 0.265 , 0.265 , 0.265 , 0.265 , 
0.265 , 0.265 , 0.265 , 0.265 , 0.265 , 0.265 , 0.265 , 0.265 , 0.265 , 
0.267 , 0.267 , 0.267 , 0.267 , 0.267 , 0.267 , 0.267 , 0.267 , 0.267 , 
0.267 , 0.267 , 0.267 , 0.267 , 0.267 , 0.267 , 0.267 , 0.267 , 0.267 , 
0.265 , 0.265 , 0.265 , 0.265 , 0.265 , 0.265 , 0.265 , 0.265 , 0.265 , 
0.267 , 0.267 , 0.267 , 0.267 , 0.267 , 0.267 , 0.267 , 0.267 , 0.267 , 
0.267 , 0.267 , 0.267 , 0.267 , 0.267 , 0.267 , 0.267 , 0.267 , 0.267 , 
0.267 , 0.267 , 0.267 , 0.267 , 0.267 , 0.267 , 0.267 , 0.267 , 0.267 , 
0.267 , 0.267 , 0.267 , 0.267 , 0.267 , 0.267 , 0.267 , 0.267 , 0.267 , 
0.268 , 0.268 , 0.268 , 0.268 , 0.268 , 0.268 , 0.268 , 0.268 , 0.268 , 
0.268 , 0.268 , 0.268 , 0.268 , 0.268 , 0.268 , 0.268 , 0.268 , 0.268 , 
0.268 , 0.268 , 0.268 , 0.268 , 0.268 , 0.268 , 0.268 , 0.268 , 0.268 , 
0.267 , 0.267 , 0.267 , 0.267 , 0.267 , 0.267 , 0.267 , 0.267 , 0.267 , 
0.265 , 0.265 , 0.265 , 0.265 , 0.265 , 0.265 , 0.265 , 0.265 , 0.265 , 
0.268 , 0.268 , 0.268 , 0.268 , 0.268 , 0.268 , 0.268 , 0.268 , 0.268 , 
0.267 , 0.267 , 0.267 , 0.267 , 0.267 , 0.267 , 0.267 , 0.267 , 0.267 , 
0.265 , 0.265 , 0.265 , 0.265 , 0.265 , 0.265 , 0.265 , 0.265 , 0.265 , 
0.267 , 0.267 , 0.267 , 0.267 , 0.267 , 0.267 , 0.267 , 0.267 , 0.267 , 
0.267 , 0.267 , 0.267 , 0.267 , 0.267 , 0.267 , 0.267 , 0.267 , 0.267 , 
0.267 , 0.267 , 0.267 , 0.267 , 0.267 , 0.267 , 0.267 , 0.267 , 0.267 , 
0.266 , 0.266 , 0.266 , 0.266 , 0.266 , 0.266 , 0.266 , 0.266 , 0.266 , 
0.267 , 0.267 , 0.267 , 0.267 , 0.267 , 0.267 , 0.267 , 0.267 , 0.267 , 
0.267 , 0.267 , 0.267 , 0.267 , 0.267 , 0.267 , 0.267 , 0.267 , 0.267 , 
0.266 , 0.266 , 0.266 , 0.266 , 0.266 , 0.266 , 0.266 , 0.266 , 0.266 , 
0.265 , 0.265 , 0.265 , 0.265 , 0.265 , 0.265 , 0.265 , 0.265 , 0.265 , 
0.267 , 0.267 , 0.267 , 0.267 , 0.267 , 0.267 , 0.267 , 0.267 , 0.267 , 
0.266 , 0.266 , 0.266 , 0.266 , 0.266 , 0.266 , 0.266 , 0.266 , 0.266 , 
0.267 , 0.267 , 0.267 , 0.267 , 0.267 , 0.267 , 0.267 , 0.267 , 0.267 , 
0.267 , 0.267 , 0.267 , 0.267 , 0.267 , 0.267 , 0.267 , 0.267 , 0.267 , 
0.266 , 0.266 , 0.266 , 0.266 , 0.266 , 0.266 , 0.266 , 0.266 , 0.266 , 
0.266 , 0.266 , 0.266 , 0.266 , 0.266 , 0.266 , 0.266 , 0.266 , 0.266 , 
0.267 , 0.267 , 0.267 , 0.267 , 0.267 , 0.267 , 0.267 , 0.267 , 0.267 , 
0.267 , 0.267 , 0.267 , 0.267 , 0.267 , 0.267 , 0.267 , 0.267 , 0.267 , 
0.267 , 0.267 , 0.267 , 0.267 , 0.267 , 0.267 , 0.267 , 0.267 , 0.267 , 
0.266 , 0.266 , 0.266 , 0.266 , 0.266 , 0.266 , 0.266 , 0.266 , 0.266 , 
0.267 , 0.267 , 0.267 , 0.267 , 0.267 , 0.267 , 0.267 , 0.267 , 0.267 , 
0.267 , 0.267 , 0.267 , 0.267 , 0.267 , 0.267 , 0.267 , 0.267 , 0.267 , 
0.266 , 0.266 , 0.266 , 0.266 , 0.266 , 0.266 , 0.266 , 0.266 , 0.266 , 
0.267 , 0.267 , 0.267 , 0.267 , 0.267 , 0.267 , 0.267 , 0.267 , 0.267 , 
0.267 , 0.267 , 0.267 , 0.267 , 0.267 , 0.267 , 0.267 , 0.267 , 0.267 , 
0.267 , 0.267 , 0.267 , 0.267 , 0.267 , 0.267 , 0.267 , 0.267 , 0.267 , 
0.265 , 0.265 , 0.265 , 0.265 , 0.265 , 0.265 , 0.265 , 0.265 , 0.265 , 
0.267 , 0.267 , 0.267 , 0.267 , 0.267 , 0.267 , 0.267 , 0.267 , 0.267 , 
0.266 , 0.266 , 0.266 , 0.266 , 0.266 , 0.266 , 0.266 , 0.266 , 0.266 , 
0.266 , 0.266 , 0.266 , 0.266 , 0.266 , 0.266 , 0.266 , 0.266 , 0.266 , 
0.266 , 0.266 , 0.266 , 0.266 , 0.266 , 0.266 , 0.266 , 0.266 , 0.266 , 
0.265 , 0.265 , 0.265 , 0.265 , 0.265 , 0.265 , 0.265 , 0.265 , 0.265 , 
0.266 , 0.266 , 0.266 , 0.266 , 0.266 , 0.266 , 0.266 , 0.266 , 0.266 , 
0.265 , 0.265 , 0.265 , 0.265 , 0.265 , 0.265 , 0.265 , 0.265 , 0.265 , 
0.267 , 0.267 , 0.267 , 0.267 , 0.267 , 0.267 , 0.267 , 0.267 , 0.267 , 
0.266 , 0.266 , 0.266 , 0.266 , 0.266 , 0.266 , 0.266 , 0.266 , 0.266 , 
0.265 , 0.265 , 0.265 , 0.265 , 0.265 , 0.265 , 0.265 , 0.265 , 0.265 , 
0.266 , 0.266 , 0.266 , 0.266 , 0.266 , 0.266 , 0.266 , 0.266 , 0.266 , 
0.266 , 0.266 , 0.266 , 0.266 , 0.266 , 0.266 , 0.266 , 0.266 , 0.266 , 
0.266 , 0.266 , 0.266 , 0.266 , 0.266 , 0.266 , 0.266 , 0.266 , 0.266 , 
0.266 , 0.266 , 0.266 , 0.266 , 0.266 , 0.266 , 0.266 , 0.266 , 0.266 , 
0.265 , 0.265 , 0.265 , 0.265 , 0.265 , 0.265 , 0.265 , 0.265 , 0.265 , 
0.266 , 0.266 , 0.266 , 0.266 , 0.266 , 0.266 , 0.266 , 0.266 , 0.266 , 
0.266 , 0.266 , 0.266 , 0.266 , 0.266 , 0.266 , 0.266 , 0.266 , 0.266 , 
0.266 , 0.266 , 0.266 , 0.266 , 0.266 , 0.266 , 0.266 , 0.266 , 0.266 , 
0.266 , 0.266 , 0.266 , 0.266 , 0.266 , 0.266 , 0.266 , 0.266 , 0.266 , 
0.265 , 0.265 , 0.265 , 0.265 , 0.265 , 0.265 , 0.265 , 0.265 , 0.265 , 
0.266 , 0.266 , 0.266 , 0.266 , 0.266 , 0.266 , 0.266 , 0.266 , 0.266 , 
0.266 , 0.266 , 0.266 , 0.266 , 0.266 , 0.266 , 0.266 , 0.266 , 0.266 , 
0.266 , 0.266 , 0.266 , 0.266 , 0.266 , 0.266 , 0.266 , 0.266 , 0.266 , 
0.266 , 0.266 , 0.266 , 0.266 , 0.266 , 0.266 , 0.266 , 0.266 , 0.266 , 
0.266 , 0.266 , 0.266 , 0.266 , 0.266 , 0.266 , 0.266 , 0.266 , 0.266 , 
0.266 , 0.266 , 0.266 , 0.266 , 0.266 , 0.266 , 0.266 , 0.266 , 0.266 , 
0.266 , 0.266 , 0.266 , 0.266 , 0.266 , 0.266 , 0.266 , 0.266 , 0.266 , 
0.265 , 0.265 , 0.265 , 0.265 , 0.265 , 0.265 , 0.265 , 0.265 , 0.265 , 
0.266 , 0.266 , 0.266 , 0.266 , 0.266 , 0.266 , 0.266 , 0.266 , 0.266 , 
0.266 , 0.266 , 0.266 , 0.266 , 0.266 , 0.266 , 0.266 , 0.266 , 0.266 , 
0.266 , 0.266 , 0.266 , 0.266 , 0.266 , 0.266 , 0.266 , 0.266 , 0.266 , 
0.266 , 0.266 , 0.266 , 0.266 , 0.266 , 0.266 , 0.266 , 0.266 , 0.266 , 
0.266 , 0.266 , 0.266 , 0.266 , 0.266 , 0.266 , 0.266 , 0.266 , 0.266 , 
0.266 , 0.266 , 0.266 , 0.266 , 0.266 , 0.266 , 0.266 , 0.266 , 0.266 , 
0.266 , 0.266 , 0.266 , 0.266 , 0.266 , 0.266 , 0.266 , 0.266 , 0.266 , 
0.266 , 0.266 , 0.266 , 0.266 , 0.266 , 0.266 , 0.266 , 0.266 , 0.266 , 
0.266 , 0.266 , 0.266 , 0.266 , 0.266 , 0.266 , 0.266 , 0.266 , 0.266 , 
0.265 , 0.265 , 0.265 , 0.265 , 0.265 , 0.265 , 0.265 , 0.265 , 0.265 , 
0.266 , 0.266 , 0.266 , 0.266 , 0.266 , 0.266 , 0.266 , 0.266 , 0.266 , 
0.265 , 0.265 , 0.265 , 0.265 , 0.265 , 0.265 , 0.265 , 0.265 , 0.265 , 
0.266 , 0.266 , 0.266 , 0.266 , 0.266 , 0.266 , 0.266 , 0.266 , 0.266 , 
0.265 , 0.265 , 0.265 , 0.265 , 0.265 , 0.265 , 0.265 , 0.265 , 0.265 , 
0.266 , 0.266 , 0.266 , 0.266 , 0.266 , 0.266 , 0.266 , 0.266 , 0.266 , 
0.265 , 0.265 , 0.265 , 0.265 , 0.265 , 0.265 , 0.265 , 0.265 , 0.265 , 
0.266 , 0.266 , 0.266 , 0.266 , 0.266 , 0.266 , 0.266 , 0.266 , 0.266 , 
0.265 , 0.265 , 0.265 , 0.265 , 0.265 , 0.265 , 0.265 , 0.265 , 0.265 , 
0.266 , 0.266 , 0.266 , 0.266 , 0.266 , 0.266 , 0.266 , 0.266 , 0.266 , 
0.266 , 0.266 , 0.266 , 0.266 , 0.266 , 0.266 , 0.266 , 0.266 , 0.266 , 
0.265 , 0.265 , 0.265 , 0.265 , 0.265 , 0.265 , 0.265 , 0.265 , 0.265 , 
0.265 , 0.265 , 0.265 , 0.265 , 0.265 , 0.265 , 0.265 , 0.265 , 0.265 , 
0.266 , 0.266 , 0.266 , 0.266 , 0.266 , 0.266 , 0.266 , 0.266 , 0.266 , 
0.266 , 0.266 , 0.266 , 0.266 , 0.266 , 0.266 , 0.266 , 0.266 , 0.266 , 
0.266 , 0.266 , 0.266 , 0.266 , 0.266 , 0.266 , 0.266 , 0.266 , 0.266 , 
0.265 , 0.265 , 0.265 , 0.265 , 0.265 , 0.265 , 0.265 , 0.265 , 0.265 , 
0.266 , 0.266 , 0.266 , 0.266 , 0.266 , 0.266 , 0.266 , 0.266 , 0.266 , 
0.265 , 0.265 , 0.265 , 0.265 , 0.265 , 0.265 , 0.265 , 0.265 , 0.265 , 
0.266 , 0.266 , 0.266 , 0.266 , 0.266 , 0.266 , 0.266 , 0.266 , 0.266 , 
0.266 , 0.266 , 0.266 , 0.266 , 0.266 , 0.266 , 0.266 , 0.266 , 0.266 , 
0.266 , 0.266 , 0.266 , 0.266 , 0.266 , 0.266 , 0.266 , 0.266 , 0.266 , 
0.266 , 0.266 , 0.266 , 0.266 , 0.266 , 0.266 , 0.266 , 0.266 , 0.266 , 
0.265 , 0.265 , 0.265 , 0.265 , 0.265 , 0.265 , 0.265 , 0.265 , 0.265 , 
0.265 , 0.265 , 0.265 , 0.265 , 0.265 , 0.265 , 0.265 , 0.265 , 0.265 , 
0.266 , 0.266 , 0.266 , 0.266 , 0.266 , 0.266 , 0.266 , 0.266 , 0.266 , 
0.265 , 0.265 , 0.265 , 0.265 , 0.265 , 0.265 , 0.265 , 0.265 , 0.265 , 
0.266 , 0.266 , 0.266 , 0.266 , 0.266 , 0.266 , 0.266 , 0.266 , 0.266 , 
0.265 , 0.265 , 0.265 , 0.265 , 0.265 , 0.265 , 0.265 , 0.265 , 0.265 , 
0.266 , 0.266 , 0.266 , 0.266 , 0.266 , 0.266 , 0.266 , 0.266 , 0.266 , 
0.266 , 0.266 , 0.266 , 0.266 , 0.266 , 0.266 , 0.266 , 0.266 , 0.266 , 
0.266 , 0.266 , 0.266 , 0.266 , 0.266 , 0.266 , 0.266 , 0.266 , 0.266 , 
0.266 , 0.266 , 0.266 , 0.266 , 0.266 , 0.266 , 0.266 , 0.266 , 0.266 , 
0.266 , 0.266 , 0.266 , 0.266 , 0.266 , 0.266 , 0.266 , 0.266 , 0.266 , 
0.266 , 0.266 , 0.266 , 0.266 , 0.266 , 0.266 , 0.266 , 0.266 , 0.266 , 
0.266 , 0.266 , 0.266 , 0.266 , 0.266 , 0.266 , 0.266 , 0.266 , 0.266 , 
0.265 , 0.265 , 0.265 , 0.265 , 0.265 , 0.265 , 0.265 , 0.265 , 0.265 , 
0.265 , 0.265 , 0.265 , 0.265 , 0.265 , 0.265 , 0.265 , 0.265 , 0.265 , 
0.266 , 0.266 , 0.266 , 0.266 , 0.266 , 0.266 , 0.266 , 0.266 , 0.266 , 
0.265 , 0.265 , 0.265 , 0.265 , 0.265 , 0.265 , 0.265 , 0.265 , 0.265 , 
0.266 , 0.266 , 0.266 , 0.266 , 0.266 , 0.266 , 0.266 , 0.266 , 0.266 , 
0.266 , 0.266 , 0.266 , 0.266 , 0.266 , 0.266 , 0.266 , 0.266 , 0.266 , 
0.266 , 0.266 , 0.266 , 0.266 , 0.266 , 0.266 , 0.266 , 0.266 , 0.266 , 
0.266 , 0.266 , 0.266 , 0.266 , 0.266 , 0.266 , 0.266 , 0.266 , 0.266 , 
0.266 , 0.266 , 0.266 , 0.266 , 0.266 , 0.266 , 0.266 , 0.266 , 0.266 , 
0.266 , 0.266 , 0.266 , 0.266 , 0.266 , 0.266 , 0.266 , 0.266 , 0.266 , 
0.266 , 0.266 , 0.266 , 0.266 , 0.266 , 0.266 , 0.266 , 0.266 , 0.266 , 
0.266 , 0.266 , 0.266 , 0.266 , 0.266 , 0.266 , 0.266 , 0.266 , 0.266 , 
0.266 , 0.266 , 0.266 , 0.266 , 0.266 , 0.266 , 0.266 , 0.266 , 0.266 , 
0.266 , 0.266 , 0.266 , 0.266 , 0.266 , 0.266 , 0.266 , 0.266 , 0.266 , 
0.266 , 0.266 , 0.266 , 0.266 , 0.266 , 0.266 , 0.266 , 0.266 , 0.266 , 
0.266 , 0.266 , 0.266 , 0.266 , 0.266 , 0.266 , 0.266 , 0.266 , 0.266 , 
0.266 , 0.266 , 0.266 , 0.266 , 0.266 , 0.266 , 0.266 , 0.266 , 0.266 , 
0.266 , 0.266 , 0.266 , 0.266 , 0.266 , 0.266 , 0.266 , 0.266 , 0.266 , 
0.266 , 0.266 , 0.266 , 0.266 , 0.266 , 0.266 , 0.266 , 0.266 , 0.266 , 
0.266 , 0.266 , 0.266 , 0.266 , 0.266 , 0.266 , 0.266 , 0.266 , 0.266 , 
0.266 , 0.266 , 0.266 , 0.266 , 0.266 , 0.266 , 0.266 , 0.266 , 0.266 , 
0.266 , 0.266 , 0.266 , 0.266 , 0.266 , 0.266 , 0.266 , 0.266 , 0.266 , 
0.266 , 0.266 , 0.266 , 0.266 , 0.266 , 0.266 , 0.266 , 0.266 , 0.266 , 
0.266 , 0.266 , 0.266 , 0.266 , 0.266 , 0.266 , 0.266 , 0.266 , 0.266 , 
0.266 , 0.266 , 0.266 , 0.266 , 0.266 , 0.266 , 0.266 , 0.266 , 0.266 , 
0.266 , 0.266 , 0.266 , 0.266 , 0.266 , 0.266 , 0.266 , 0.266 , 0.266 , 
0.266 , 0.266 , 0.266 , 0.266 , 0.266 , 0.266 , 0.266 , 0.266 , 0.266 , 
0.266 , 0.266 , 0.266 , 0.266 , 0.266 , 0.266 , 0.266 , 0.266 , 0.266 , 
0.266 , 0.266 , 0.266 , 0.266 , 0.266 , 0.266 , 0.266 , 0.266 , 0.266 , 
0.266 , 0.266 , 0.266 , 0.266 , 0.266 , 0.266 , 0.266 , 0.266 , 0.266 , 
0.266 , 0.266 , 0.266 , 0.266 , 0.266 , 0.266 , 0.266 , 0.266 , 0.266 , 
0.266 , 0.266 , 0.266 , 0.266 , 0.266 , 0.266 , 0.266 , 0.266 , 0.266 , 
0.266 , 0.266 , 0.266 , 0.266 , 0.266 , 0.266 , 0.266 , 0.266 , 0.266 , 
0.266 , 0.266 , 0.266 , 0.266 , 0.266 , 0.266 , 0.266 , 0.266 , 0.266 , 
0.266 , 0.266 , 0.266 , 0.266 , 0.266 , 0.266 , 0.266 , 0.266 , 0.266 , 
0.266 , 0.266 , 0.266 , 0.266 , 0.266 , 0.266 , 0.266 , 0.266 , 0.266 , 
0.266 , 0.266 , 0.266 , 0.266 , 0.266 , 0.266 , 0.266 , 0.266 , 0.266 , 
0.266 , 0.266 , 0.266 , 0.266 , 0.266 , 0.266 , 0.266 , 0.266 , 0.266 , 
0.265 , 0.265 , 0.265 , 0.265 , 0.265 , 0.265 , 0.265 , 0.265 , 0.265 , 
0.266 , 0.266 , 0.266 , 0.266 , 0.266 , 0.266 , 0.266 , 0.266 , 0.266 , 
0.266 , 0.266 , 0.266 , 0.266 , 0.266 , 0.266 , 0.266 , 0.266 , 0.266 , 
0.266 , 0.266 , 0.266 , 0.266 , 0.266 , 0.266 , 0.266 , 0.266 , 0.266 , 
0.265 , 0.265 , 0.265 , 0.265 , 0.265 , 0.265 , 0.265 , 0.265 , 0.265 , 
0.266 , 0.266 , 0.266 , 0.266 , 0.266 , 0.266 , 0.266 , 0.266 , 0.266 , 
0.266 , 0.266 , 0.266 , 0.266 , 0.266 , 0.266 , 0.266 , 0.266 , 0.266 , 
0.266 , 0.266 , 0.266 , 0.266 , 0.266 , 0.266 , 0.266 , 0.266 , 0.266 , 
0.266 , 0.266 , 0.266 , 0.266 , 0.266 , 0.266 , 0.266 , 0.266 , 0.266 , 
0.266 , 0.266 , 0.266 , 0.266 , 0.266 , 0.266 , 0.266 , 0.266 , 0.266 , 
0.266 , 0.266 , 0.266 , 0.266 , 0.266 , 0.266 , 0.266 , 0.266 , 0.266 , 
0.266 , 0.266 , 0.266 , 0.266 , 0.266 , 0.266 , 0.266 , 0.266 , 0.266 , 
0.266 , 0.266 , 0.266 , 0.266 , 0.266 , 0.266 , 0.266 , 0.266 , 0.266 , 
0.265 , 0.265 , 0.265 , 0.265 , 0.265 , 0.265 , 0.265 , 0.265 , 0.265 , 
0.266 , 0.266 , 0.266 , 0.266 , 0.266 , 0.266 , 0.266 , 0.266 , 0.266 , 
0.266 , 0.266 , 0.266 , 0.266 , 0.266 , 0.266 , 0.266 , 0.266 , 0.266 , 
0.266 , 0.266 , 0.266 , 0.266 , 0.266 , 0.266 , 0.266 , 0.266 , 0.266 , 
0.266 , 0.266 , 0.266 , 0.266 , 0.266 , 0.266 , 0.266 , 0.266 , 0.266 , 
0.266 , 0.266 , 0.266 , 0.266 , 0.266 , 0.266 , 0.266 , 0.266 , 0.266 , 
0.266 , 0.266 , 0.266 , 0.266 , 0.266 , 0.266 , 0.266 , 0.266 , 0.266 , 
